"special_ability_phases_onscreen_name_wh2_dlc15_unit_passive_overwhelming_odour"	""	"True"
"special_ability_phases_onscreen_name_wh2_main_lore_passive_shield_of_saphery"	"Shield of Saphery"	"True"
"special_ability_phases_onscreen_name_wh_main_banner_passive_banner_of_lost_holds"	""	"True"
"special_ability_phases_onscreen_name_wh2_main_item_abilities_worlds_edge_armour"	""	"True"
"special_ability_phases_onscreen_name_wh2_dlc15_army_abilities_oath_of_replenishment_upgraded"	""	"True"
"special_ability_phases_onscreen_name_wh_dlc04_unit_passive_unbinding_crypt_horrors"	"[[img:unbinding_stage_one]][[/img]]Stable Binding (No damage)"	"True"
"special_ability_phases_onscreen_name_wh2_main_item_passive_shadow_magnet_trinket"	""	"True"
"special_ability_phases_onscreen_name_wh2_main_army_abilities_lure_of_the_pale_queen"	""	"True"
"special_ability_phases_onscreen_name_wh2_dlc15_unit_abilities_mimic_cold_blooded"	""	"True"
"special_ability_phases_onscreen_name_wh_dlc08_weapon_passive_flaming_axe_of_cormac"	""	"True"
"special_ability_phases_onscreen_name_wh2_dlc14_lord_abilities_reaper_of_souls"	""	"True"
"special_ability_phases_onscreen_name_wh_dlc05_spell_life_shield_of_thorns_upgraded"	""	"True"
"special_ability_phases_onscreen_name_wh_main_hero_abilities_mad_cap_mushrooms"	""	"True"
"special_ability_phases_onscreen_name_wh_dlc03_spell_beasts_panns_impenetrable_pelt_upgraded"	""	"True"
"special_ability_phases_onscreen_name_wh2_dlc12_weapon_passive_blade_of_the_ancient_skies"	""	"True"
"special_ability_phases_onscreen_name_wh_main_item_abilities_van_horstmanns_speculum"	""	"True"
"special_ability_phases_onscreen_name_wh_main_spell_vampires_invocation_of_nehek_upgraded"	""	"True"
"special_ability_phases_onscreen_name_wh2_dlc13_weapon_abilities_averland_runefang"	""	"True"
"special_ability_phases_onscreen_name_wh_main_banner_passive_spider_banner"	"Poison Imbuement"	"True"
"special_ability_phases_onscreen_name_wh2_main_lord_passive_strength_through_spite"	""	"True"
"special_ability_phases_onscreen_name_wh2_dlc13_character_ability_ishas_rain_contact"	""	"True"
"special_ability_phases_onscreen_name_wh_main_weapon_abilities_sword_of_anti_heroes"	""	"True"
"special_ability_phases_onscreen_name_wh_main_unit_abilities_entrenchment"	""	"True"
"special_ability_phases_onscreen_name_wh_dlc08_hero_passive_twisted_flesh_i"	""	"True"
"special_ability_phases_onscreen_name_wh2_dlc14_spell_stealth_armour_of_darkness_upgraded"	""	"True"
"special_ability_phases_onscreen_name_wh2_dlc11_lord_passive_magical_void"	""	"True"
"special_ability_phases_onscreen_name_wh2_dlc14_character_abilities_from_the_shadows"	""	"True"
"special_ability_phases_onscreen_name_wh2_main_item_abilities_skavenbrew"	""	"True"
"special_ability_phases_onscreen_name_wh_dlc07_unit_formation_flying_wedge"	""	"True"
"special_ability_phases_onscreen_name_wh2_main_character_passive_darken_the_skies"	""	"True"
"special_ability_phases_onscreen_name_wh_main_spell_light_light_of_battle_upgraded"	""	"True"
"special_ability_phases_onscreen_name_wh_dlc04_weapon_passive_blood_drinker"	""	"True"
"special_ability_phases_onscreen_name_wh_dlc05_hero_passive_hawkish_precision"	""	"True"
"special_ability_phases_onscreen_name_wh2_dlc09_lord_passive_my_will_be_done"	""	"True"
"special_ability_phases_onscreen_name_wh_main_unit_contact_poison"	"[[col:red]][[img:ui/skins/default/modifier_icon_poison.png]][[/img]]Poison![[/col]]"	"True"
"special_ability_phases_onscreen_name_wh2_main_spell_high_magic_hand_of_glory_upgraded"	""	"True"
"special_ability_phases_onscreen_name_wh_dlc05_banner_passive_banner_of_the_eternal_queen"	""	"True"
"special_ability_phases_onscreen_name_wh2_dlc09_character_abilities_curse_of_djaf"	""	"True"
"special_ability_phases_onscreen_name_wh2_main_unit_abilities_fury_of_khaine"	""	"True"
"special_ability_phases_onscreen_name_wh_dlc03_item_passive_trollhide"	""	"True"
"special_ability_phases_onscreen_name_wh_main_mark_passive_mark_of_khorne"	""	"True"
"special_ability_phases_onscreen_name_wh2_dlc15_unit_passive_giant_explodin_spores"	""	"True"
"special_ability_phases_onscreen_name_wh_main_item_abilities_crown_of_command"	""	"True"
"special_ability_phases_onscreen_name_wh_pro01_item_passive_rune_helm_of_zhufbar"	""	"True"
"special_ability_phases_onscreen_name_wh2_dlc15_unit_passive_rubble_and_ruin_tier_1"	""	"True"
"special_ability_phases_onscreen_name_wh_dlc08_quest_passive_exploding_fart"	""	"True"
"special_ability_phases_onscreen_name_wh2_dlc15_army_abilities_envelop_in_mist"	""	"True"
"special_ability_phases_onscreen_name_wh_dlc03_lord_passive_crush_the_weak"	""	"True"
"special_ability_phases_onscreen_name_wh_main_spell_light_net_of_amyntok_upgraded"	""	"True"
"special_ability_phases_onscreen_name_wh2_dlc11_lord_abilities_lightning_reflexes"	""	"True"
"special_ability_phases_onscreen_name_wh2_dlc11_lord_passive_merciless_slaver"	""	"True"
"special_ability_phases_onscreen_name_wh2_dlc15_unit_contact_rattled"	"[[col:red]]Rattled![[/col]]"	"True"
"special_ability_phases_onscreen_name_wh_main_item_abilities_staff_of_volans"	""	"True"
"special_ability_phases_onscreen_name_wh_dlc05_spell_life_earth_blood_upgraded"	""	"True"
"special_ability_phases_onscreen_name_wh_dlc07_hero_passive_sacred_guardian"	""	"True"
"special_ability_phases_onscreen_name_wh_main_item_abilities_power_stone"	""	"True"
"special_ability_phases_onscreen_name_wh_dlc06_lord_abilities_tricksy_traps"	""	"True"
"special_ability_phases_onscreen_name_wh2_dlc10_item_abilities_the_amber_trance"	""	"True"
"special_ability_phases_onscreen_name_wh2_dlc15_weapon_abilities_star_lance"	""	"True"
"special_ability_phases_onscreen_name_wh_pro04_unit_passive_soul_devourer"	""	"True"
"special_ability_phases_onscreen_name_wh2_dlc09_unit_passive_unbinding_ushabti"	"[[img:unbinding_stage_one]][[/img]]Stable Binding (No damage)"	"True"
"special_ability_phases_onscreen_name_wh_main_rune_abilities_ancestor_rune"	""	"True"
"special_ability_phases_onscreen_name_wh2_dlc13_lord_abilities_oil_flask"	"[[col:red]][[img:ui/skins/default/modifier_icon_flammable.png]][[/img]]Flammable![[/col]]"	"True"
"special_ability_phases_onscreen_name_wh2_dlc13_weapon_abilities_hochland_runefang"	""	"True"
"special_ability_phases_onscreen_name_wh2_dlc11_item_passive_helm_of_the_kraken"	""	"True"
"special_ability_phases_onscreen_name_wh2_dlc10_quest_passive_mother_of_flame"	""	"True"
"special_ability_phases_onscreen_name_wh_main_lore_passive_metalshifting"	"Metalshifting"	"True"
"special_ability_phases_onscreen_name_wh2_dlc15_unit_passive_unending_volley"	""	"True"
"special_ability_phases_onscreen_name_wh2_main_item_abilities_armour_of_the_stars"	""	"True"
"special_ability_phases_onscreen_name_wh2_dlc10_lord_passive_blood_frenzy_3"	"[[img:stage_three]][[/img]]Stage Three"	"True"
"special_ability_phases_onscreen_name_wh_main_spell_bound_staff_of_damnation"	""	"True"
"special_ability_phases_onscreen_name_wh2_dlc11_unit_passive_gaseous_demise_buffer"	""	"True"
"special_ability_phases_onscreen_name_wh2_dlc10_item_passive_ironbeards_bracers"	"Bracers of Evasion"	"True"
"special_ability_phases_onscreen_name_wh2_dlc15_lord_passive_mistwalkers_barrage"	""	"True"
"special_ability_phases_onscreen_name_wh2_dlc14_unit_contact_poisoned_wind"	"[[col:red]][[img:ui/skins/default/modifier_poisoned_wind.png]][[/img]]Poisoned Wind!\n[[img:icon_hp]][[/img]]Damage over time[[/col]]"	"True"
"special_ability_phases_onscreen_name_wh_main_lore_passive_roiling_skies"	"Roiling Skies"	"True"
"special_ability_phases_onscreen_name_wh_main_spell_lil_waaagh_curse_of_da_bad_moon_upgraded"	"[[col:red]]Da Nasty Curse![[/col]]"	"True"
"special_ability_phases_onscreen_name_wh2_dlc12_unit_passive_witness_me"	""	"True"
"special_ability_phases_onscreen_name_wh2_main_unit_contact_noxious_breath"	"[[col:red]][[img:ui/skins/default/modifier_icon_poison.png]][[/img]]Noxious Gas![[/col]]"	"True"
"special_ability_phases_onscreen_name_wh_dlc05_lord_passive_the_eye_of_kurnous"	""	"True"
"special_ability_phases_onscreen_name_wh2_dlc10_item_abilities_star_of_avelorn"	""	"True"
"special_ability_phases_onscreen_name_wh_dlc08_item_abilities_terrorgheist_skull"	""	"True"
"special_ability_phases_onscreen_name_wh_main_weapon_abilities_ghal_maraz"	""	"True"
"special_ability_phases_onscreen_name_wh_main_item_abilities_regenerating_flesh"	""	"True"
"special_ability_phases_onscreen_name_wh_dlc03_unit_passive_unbinding_giant"	"[[img:unbinding_stage_one]][[/img]]Stable Binding (No damage)"	"True"
"special_ability_phases_onscreen_name_wh2_dlc14_weapon_abilities_sword_of_lyonesse"	""	"True"
"special_ability_phases_onscreen_name_wh2_dlc11_lord_abilities_mananns_luck"	""	"True"
"special_ability_phases_onscreen_name_wh_main_spell_metal_transmutation_of_lead"	""	"True"
"special_ability_phases_onscreen_name_wh2_main_character_abilities_shield_of_the_old_ones"	""	"True"
"special_ability_phases_onscreen_name_wh_dlc04_unit_passive_unbinding_grave_guard"	"[[img:unbinding_stage_one]][[/img]]Stable Binding (No damage)"	"True"
"special_ability_phases_onscreen_name_wh_dlc03_banner_passive_slug_skin"	"Poison Imbuement"	"True"
"special_ability_phases_onscreen_name_wh2_main_spell_dark_magic_chillwind_upgraded"	"[[col:red]]Frostbite[[/col]]"	"True"
"special_ability_phases_onscreen_name_wh2_dlc10_item_passive_old_guards_armour"	""	"True"
"special_ability_phases_onscreen_name_wh2_dlc11_army_abilities_shanty_verse_2"	""	"True"
"special_ability_phases_onscreen_name_wh2_main_spell_dark_magic_power_of_darkness"	""	"True"
"special_ability_phases_onscreen_name_wh2_main_item_abilities_amulet_of_itzl"	""	"True"
"special_ability_phases_onscreen_name_wh2_dlc09_spell_nehekhara_ptras_incantation_of_righteous_smiting"	""	"True"
"special_ability_phases_onscreen_name_wh2_dlc09_character_abilities_stay_here_ill_get_help_miscast"	""	"True"
"special_ability_phases_onscreen_name_wh2_dlc13_lord_abilities_monstrous_strength"	""	"True"
"special_ability_phases_onscreen_name_wh_dlc08_quest_abilities_soul_binding"	""	"True"
"special_ability_phases_onscreen_name_wh_dlc05_hero_passive_hawkish_finesse"	""	"True"
"special_ability_phases_onscreen_name_wh_pro03_unit_passive_unbinding_krell"	"[[img:unbinding_stage_one]][[/img]]Stable Binding (No damage)"	"True"
"special_ability_phases_onscreen_name_wh_dlc08_unit_abilities_rage_ii"	"[[img:stage_two]][[/img]]Stage Two"	"True"
"special_ability_phases_onscreen_name_wh_dlc06_unit_passive_the_old_grumblers"	""	"True"
"special_ability_phases_onscreen_name_wh2_dlc10_item_abilities_fear_of_aramar"	""	"True"
"special_ability_phases_onscreen_name_wh2_main_character_passive_horn_of_isha"	""	"True"
"special_ability_phases_onscreen_name_wh2_dlc11_weapon_passive_krakens_bane"	""	"True"
"special_ability_phases_onscreen_name_wh2_dlc10_hero_passive_quicksilver_shot"	""	"True"
"special_ability_phases_onscreen_name_wh2_dlc09_character_passive_wrath_of_the_creator"	""	"True"
"special_ability_phases_onscreen_name_wh_main_spell_light_net_of_amyntok"	""	"True"
"special_ability_phases_onscreen_name_wh2_dlc14_unit_passive_crowfeast"	""	"True"
"special_ability_phases_onscreen_name_wh2_dlc15_unit_contact_orrible_smell"	"[[col:red]][[img:ui/skins/default/modifier_icon_overhead_morale.png]][[/img]]'Orrible Smell![[/col]]"	"True"
"special_ability_phases_onscreen_name_wh_pro01_weapon_abilities_rune_axe_of_grombrindal"	""	"True"
"special_ability_phases_onscreen_name_wh_dlc03_spell_wild_devolve"	""	"True"
"special_ability_phases_onscreen_name_wh2_main_unit_contact_plague_monk_censer_morale"	"[[col:red]][[img:ui/skins/default/modifier_icon_overhead_morale.png]][[/img]]Contaminated![[/col]]"	"True"
"special_ability_phases_onscreen_name_wh2_main_unit_contact_souls"	"[[col:red]][[img:ui/skins/default/modifier_icon_overhead_morale.png]][[/img]]Quenched![[/col]]"	"True"
"special_ability_phases_onscreen_name_wh_dlc05_spell_shadow_the_enfeebling_foe_upgraded"	""	"True"
"special_ability_phases_onscreen_name_wh_main_hero_passive_extra_powder"	""	"True"
"special_ability_phases_onscreen_name_wh_dlc04_unit_passive_balefire"	""	"True"
"special_ability_phases_onscreen_name_wh2_dlc09_army_passive_realm_of_souls_ushabti_trigger"	""	"True"
"special_ability_phases_onscreen_name_wh2_dlc11_unit_contact_charmed"	"[[col:red]]Charmed![[/col]]"	"True"
"special_ability_phases_onscreen_name_wh2_dlc09_character_passive_stone_shaper"	""	"True"
"special_ability_phases_onscreen_name_wh2_main_item_passive_ring_of_hotek"	""	"True"
"special_ability_phases_onscreen_name_wh2_dlc13_unit_abilities_blinding_radiance"	""	"True"
"special_ability_phases_onscreen_name_wh_main_item_passive_pidgeon_plucker_pendant"	""	"True"
"special_ability_phases_onscreen_name_wh_main_unit_passive_regeneration"	""	"True"
"special_ability_phases_onscreen_name_wh2_main_weapon_abilities_sword_of_teclis"	""	"True"
"special_ability_phases_onscreen_name_wh_main_rune_passive_rune_of_slowness"	""	"True"
"special_ability_phases_onscreen_name_wh2_main_unit_passive_scurry_away"	""	"True"
"special_ability_phases_onscreen_name_wh2_main_unit_passive_strength_in_numbers"	""	"True"
"special_ability_phases_onscreen_name_wh_dlc01_weapon_abilities_sword_of_change"	""	"True"
"special_ability_phases_onscreen_name_wh2_dlc15_army_abilities_groms_big_waaagh"	""	"True"
"special_ability_phases_onscreen_name_wh2_main_spell_high_magic_hand_of_glory"	""	"True"
"special_ability_phases_onscreen_name_wh2_dlc15_unit_passive_heavy_ammo"	""	"True"
"special_ability_phases_onscreen_name_wh_main_rune_passive_master_rune_of_stromni_redbeard"	""	"True"
"special_ability_phases_onscreen_name_wh_dlc05_spell_shadow_the_withering"	""	"True"
"special_ability_phases_onscreen_name_wh2_dlc13_army_abilities_protection_of_quetzl"	""	"True"
"special_ability_phases_onscreen_name_wh_main_lore_passive_power_of_da_waaagh"	"Power of Da Waaagh!"	"True"
"special_ability_phases_onscreen_name_wh_dlc04_unit_passive_strength_of_the_penitent"	""	"True"
"special_ability_phases_onscreen_name_wh2_main_item_abilities_cube_of_darkness"	""	"True"
"special_ability_phases_onscreen_name_wh2_dlc15_army_abilities_azhags_waaagh"	""	"True"
"special_ability_phases_onscreen_name_wh2_dlc10_item_abilities_speed_of_lykos"	""	"True"
"special_ability_phases_onscreen_name_wh_dlc07_lord_passive_mist_of_the_lady"	""	"True"
"special_ability_phases_onscreen_name_wh2_dlc10_weapon_passive_dragon_slayers_axe"	""	"True"
"special_ability_phases_onscreen_name_wh2_dlc15_unit_passive_padded_shield"	""	"True"
"special_ability_phases_onscreen_name_wh_main_item_abilities_potion_of_foolhardiness"	""	"True"
"special_ability_phases_onscreen_name_wh_pro01_lord_passive_grombrindal_has_no_fear"	""	"True"
"special_ability_phases_onscreen_name_wh2_dlc11_hero_abilities_more_powder"	""	"True"
"special_ability_phases_onscreen_name_wh2_dlc09_spell_nehekhara_djafs_incantation_of_cursed_blades"	""	"True"
"special_ability_phases_onscreen_name_wh_main_spell_light_light_of_battle"	""	"True"
"special_ability_phases_onscreen_name_wh_main_spell_heavens_harmonic_convergence"	""	"True"
"special_ability_phases_onscreen_name_wh2_dlc10_lord_passive_blood_frenzy_2"	"[[img:stage_two]][[/img]]Stage Two"	"True"
"special_ability_phases_onscreen_name_wh_main_spell_fire_flaming_sword_of_rhuin"	""	"True"
"special_ability_phases_onscreen_name_wh2_dlc09_unit_passive_spirit_conduit"	""	"True"
"special_ability_phases_onscreen_name_wh_main_item_abilities_scroll_of_leeching"	""	"True"
"special_ability_phases_onscreen_name_wh_dlc05_character_abilities_pray_of_anath_raema"	""	"True"
"special_ability_phases_onscreen_name_wh2_dlc12_unit_contact_sundered_armour"	"[[col:red]][[img:ui/skins/default/modifier_icon_armour_break.png]][[/img]]Sundered Armour[[/col]]"	"True"
"special_ability_phases_onscreen_name_wh2_dlc15_unit_passive_regeneration_map"	""	"True"
"special_ability_phases_onscreen_name_wh_dlc05_spell_life_regrowth_upgraded"	""	"True"
"special_ability_phases_onscreen_name_wh2_dlc14_contact_maddening"	"[[col:red]][[img:ui/skins/default/modifier_icon_overhead_morale.png]][[/img]]Mad![[/col]]"	"True"
"special_ability_phases_onscreen_name_wh2_main_mount_passive_billowing_death"	""	"True"
"special_ability_phases_onscreen_name_wh_dlc06_unit_abilities_smoke_bomb"	""	"True"
"special_ability_phases_onscreen_name_wh_main_weapon_abilities_filth_mace"	""	"True"
"special_ability_phases_onscreen_name_wh2_dlc13_lord_abilities_hunters_snare"	""	"True"
"special_ability_phases_onscreen_name_wh_main_weapon_passive_warrior_bane"	""	"True"
"special_ability_phases_onscreen_name_wh2_dlc10_item_passive_shieldstone_of_isha"	""	"True"
"special_ability_phases_onscreen_name_wh_pro03_unit_passive_unbinding_krell_upgraded"	"[[img:unbinding_stage_one]][[/img]]Stable Binding (No damage)"	"True"
"special_ability_phases_onscreen_name_wh2_dlc09_spell_nehekhara_nerus_incantation_of_protection_upgraded"	""	"True"
"special_ability_phases_onscreen_name_wh_main_unit_passive_unbinding_weak_manticore"	"[[img:unbinding_stage_two]][[/img]]Weak Binding (Low damage)"	"True"
"special_ability_phases_onscreen_name_wh_main_character_abilities_magical_animus"	""	"True"
"special_ability_phases_onscreen_name_wh2_main_army_abilities_eshin_clanstone"	""	"True"
"special_ability_phases_onscreen_name_wh_main_item_passive_featherfoe_torc"	""	"True"
"special_ability_phases_onscreen_name_wh_dlc08_unit_contact_frostbite"	"[[col:red]][[img:ui/skins/default/modifier_icon_frostbite.png]][[/img]]Frostbite![[/col]]"	"True"
"special_ability_phases_onscreen_name_wh2_dlc10_unit_passive_unbinding_alith_anar_1"	""	"True"
"special_ability_phases_onscreen_name_wh2_dlc12_character_abilities_supreme_shield_of_the_old_ones"	""	"True"
"special_ability_phases_onscreen_name_wh2_dlc15_lord_abilities_youre_next"	""	"True"
"special_ability_phases_onscreen_name_wh2_dlc09_character_passive_blessing_of_asaph"	""	"True"
"special_ability_phases_onscreen_name_wh2_dlc13_character_ability_big_boom_contact"	""	"True"
"special_ability_phases_onscreen_name_wh2_dlc09_spell_nehekhara_usekhps_incantation_of_desiccation_upgraded"	""	"True"
"special_ability_phases_onscreen_name_wh2_dlc15_unit_passive_spirit_of_gork_or_mork"	""	"True"
"special_ability_phases_onscreen_name_wh2_dlc15_item_abilities_armour_of_caledor"	""	"True"
"special_ability_phases_onscreen_name_wh_pro04_unit_passive_guardian"	""	"True"
"special_ability_phases_onscreen_name_wh2_dlc12_item_passive_golden_death_mask"	""	"True"
"special_ability_phases_onscreen_name_wh2_dlc13_item_passive_resilient_spirit"	"Resilient Spirit"	"True"
"special_ability_phases_onscreen_name_wh_dlc05_quest_passive_blessed_by_the_mage_queen_1"	""	"True"
"special_ability_phases_onscreen_name_wh2_dlc15_item_abilities_vine_dragon_scale"	""	"True"
"special_ability_phases_onscreen_name_wh_main_rune_abilities_rune_of_wrath_and_ruin"	""	"True"
"special_ability_phases_onscreen_name_wh2_dlc10_item_passive_the_shadow_crown"	""	"True"
"special_ability_phases_onscreen_name_wh2_main_item_passive_war_drum_of_xahutec"	""	"True"
"special_ability_phases_onscreen_name_wh2_dlc11_unit_contact_disrupted"	"[[col:red]]Disrupted![[/col]]"	"True"
"special_ability_phases_onscreen_name_wh2_dlc15_army_abilities_waaagh"	""	"True"
"special_ability_phases_onscreen_name_wh_dlc03_unit_passive_unbinding_manticore"	"[[img:unbinding_stage_one]][[/img]]Stable Binding (No damage)"	"True"
"special_ability_phases_onscreen_name_wh_main_spell_heavens_curse_of_the_midnight_wind_upgraded"	""	"True"
"special_ability_phases_onscreen_name_wh_main_character_abilities_heroic_killing_blow"	""	"True"
"special_ability_phases_onscreen_name_wh_dlc04_lord_abilities_beguile"	""	"True"
"special_ability_phases_onscreen_name_wh_main_weapon_abilities_the_sword_of_couronne"	""	"True"
"special_ability_phases_onscreen_name_wh2_dlc11_lord_abilities_transfix"	""	"True"
"special_ability_phases_onscreen_name_wh_main_banner_passive_gleaming_pennant"	""	"True"
"special_ability_phases_onscreen_name_wh_main_character_abilities_blood_lust"	""	"True"
"special_ability_phases_onscreen_name_wh2_dlc12_lord_passive_adrenaline_rush"	""	"True"
"special_ability_phases_onscreen_name_wh_dlc04_unit_passive_unholy_lodestone"	""	"True"
"special_ability_phases_onscreen_name_wh_main_weapon_abilities_runefang"	""	"True"
"special_ability_phases_onscreen_name_wh2_dlc15_unit_passive_thermal_thorax"	""	"True"
"special_ability_phases_onscreen_name_wh_main_unit_abilities_black_nimbus"	""	"True"
"special_ability_phases_onscreen_name_wh_dlc05_item_abilities_horn_of_the_wild_hunt"	""	"True"
"special_ability_phases_onscreen_name_wh2_dlc11_unit_passive_gaseous_demise_death"	""	"True"
"special_ability_phases_onscreen_name_wh_dlc03_item_passive_the_dark_mail"	""	"True"
"special_ability_phases_onscreen_name_wh_dlc03_unit_abilities_slaughterers_call"	""	"True"
"special_ability_phases_onscreen_name_wh_dlc06_lord_abilities_revenge_incarnate"	""	"True"
"special_ability_phases_onscreen_name_wh2_dlc11_lord_abilities_storm_of_the_night"	""	"True"
"special_ability_phases_onscreen_name_wh_dlc03_spell_beasts_wyssans_wildform"	""	"True"
"special_ability_phases_onscreen_name_wh2_main_character_abilities_swiftness_of_itzl"	""	"True"
"special_ability_phases_onscreen_name_wh2_dlc11_quest_battle_supply"	""	"True"
"special_ability_phases_onscreen_name_wh_dlc03_hero_passive_strength_of_the_land_iii"	""	"True"
"special_ability_phases_onscreen_name_wh_main_character_abilities_deadly_onslaught"	""	"True"
"special_ability_phases_onscreen_name_wh2_dlc15_unit_abilities_exploding_unit"	""	"True"
"special_ability_phases_onscreen_name_wh2_dlc11_character_abilities_pyromaniac"	"Burning"	"True"
"special_ability_phases_onscreen_name_wh2_dlc13_lord_abilities_hail_of_fire"	""	"True"
"special_ability_phases_onscreen_name_wh_dlc03_item_abilities_jagged_dagger"	""	"True"
"special_ability_phases_onscreen_name_wh_main_item_abilities_scroll_of_power"	""	"True"
"special_ability_phases_onscreen_name_wh_main_item_passive_the_white_cloak_of_ulric"	""	"True"
"special_ability_phases_onscreen_name_wh2_dlc14_lore_passive_toxic_rain"	"[[col:red]][[img:ui/skins/default/modifier_icon_poison.png]][[/img]]Toxic Rain[[/col]]"	"True"
"special_ability_phases_onscreen_name_wh2_dlc13_lord_passive_to_the_death"	""	"True"
"special_ability_phases_onscreen_name_wh_main_rune_abilities_rune_of_negation"	""	"True"
"special_ability_phases_onscreen_name_wh2_main_army_abilities_temple_of_mists"	""	"True"
"special_ability_phases_onscreen_name_wh2_main_weapon_passive_destroyer"	"Destroyer"	"True"
"special_ability_phases_onscreen_name_wh_main_mount_passive_bloodroar"	""	"True"
"special_ability_phases_onscreen_name_wh2_dlc15_lord_passive_language_of_da_boyz"	""	"True"
"special_ability_phases_onscreen_name_wh2_dlc12_lord_abilities_drop_sphere_of_tepok"	"[[col:red]]Sphere of Tepok[[/col]]"	"True"
"special_ability_phases_onscreen_name_wh2_dlc11_hero_passive_dead_eyes"	""	"True"
"special_ability_phases_onscreen_name_wh_dlc03_unit_passive_soul_eater"	""	"True"
"special_ability_phases_onscreen_name_wh2_dlc09_spell_nehekhara_nerus_incantation_of_protection"	""	"True"
"special_ability_phases_onscreen_name_wh2_dlc14_lord_abilities_the_daemons_curse"	""	"True"
"special_ability_phases_onscreen_name_wh2_main_banner_passive_battle_banner"	""	"True"
"special_ability_phases_onscreen_name_wh2_dlc11_lord_abilities_song_of_enthrallment"	""	"True"
"special_ability_phases_onscreen_name_wh_dlc05_banner_passive_banner_of_the_hunter_king"	""	"True"
"special_ability_phases_onscreen_name_wh_main_lord_passive_beloved_son_of_bretonnia"	""	"True"
"special_ability_phases_onscreen_name_wh2_dlc13_lord_passive_merely_a_fleshwound"	""	"True"
"special_ability_phases_onscreen_name_wh2_dlc15_unit_passive_grim_discipline"	""	"True"
"special_ability_phases_onscreen_name_wh2_pro08_weapon_abilities_karaghul"	""	"True"
"special_ability_phases_onscreen_name_wh_dlc03_lore_passive_bestial_surge"	"Bestial Surge"	"True"
"special_ability_phases_onscreen_name_wh_main_unit_abilities_killing_blow"	""	"True"
"special_ability_phases_onscreen_name_wh2_dlc10_lord_passive_boon_of_isha"	""	"True"
"special_ability_phases_onscreen_name_wh_main_banner_passive_the_screaming_banner"	""	"True"
"special_ability_phases_onscreen_name_wh2_dlc12_lord_abilities_unlimited_power"	""	"True"
"special_ability_phases_onscreen_name_wh_dlc07_lord_abilities_lions_shield"	""	"True"
"special_ability_phases_onscreen_name_wh_main_spell_metal_final_transmutation"	""	"True"
"special_ability_phases_onscreen_name_wh2_main_item_abilities_the_guiding_eye"	""	"True"
"special_ability_phases_onscreen_name_wh_dlc01_weapon_passive_auric_armour"	""	"True"
"special_ability_phases_onscreen_name_wh2_dlc11_spell_deep_spiteful_shot_upgraded"	""	"True"
"special_ability_phases_onscreen_name_wh2_dlc10_item_passive_ironbeards_ring"	""	"True"
"special_ability_phases_onscreen_name_wh_dlc04_hero_passive_divine_power"	""	"True"
"special_ability_phases_onscreen_name_wh2_dlc11_unit_contact_monstrous_impact"	"Monstrous Impact"	"True"
"special_ability_phases_onscreen_name_wh2_dlc10_quest_passive_primal_rampage_iii_hidden"	"[[img:stage_three]][[/img]]Stage Three"	"True"
"special_ability_phases_onscreen_name_wh2_main_item_abilities_warpstorm_scroll"	""	"True"
"special_ability_phases_onscreen_name_wh2_main_spell_plague_bless_with_filth_upgraded"	""	"True"
"special_ability_phases_onscreen_name_wh2_dlc14_weapon_abilities_whirl_of_weeping_blades"	""	"True"
"special_ability_phases_onscreen_name_wh2_main_lore_passive_spiteful_conjuration"	"Spiteful Conjuration"	"True"
"special_ability_phases_onscreen_name_wh2_main_spell_dark_magic_word_of_pain_upgraded"	""	"True"
"special_ability_phases_onscreen_name_wh_dlc06_lord_passive_sneaky_schemes"	""	"True"
"special_ability_phases_onscreen_name_wh_main_weapon_abilities_axe_of_dargo"	""	"True"
"special_ability_phases_onscreen_name_wh_dlc05_lord_passive_call_of_the_woods"	""	"True"
"special_ability_phases_onscreen_name_wh2_dlc09_faction_passive_realm_of_souls_tier_3"	""	"True"
"special_ability_phases_onscreen_name_wh_dlc05_quest_passive_gift_of_slaanesh"	""	"True"
"special_ability_phases_onscreen_name_wh2_main_item_abilities_pearl_of_infinite_bleakness"	""	"True"
"special_ability_phases_onscreen_name_wh2_dlc15_weapon_abilities_fangsword_of_eltharion"	""	"True"
"special_ability_phases_onscreen_name_wh_main_mount_abilities_locus_of_hysh"	""	"True"
"special_ability_phases_onscreen_name_wh2_main_character_passive_aura_of_pestilence"	""	"True"
"special_ability_phases_onscreen_name_wh_main_rune_passive_master_rune_of_grungni"	""	"True"
"special_ability_phases_onscreen_name_wh_dlc06_lord_passive_wurrzags_revenge"	""	"True"
"special_ability_phases_onscreen_name_wh_dlc06_lord_abilities_mighty_oath_stone"	""	"True"
"special_ability_phases_onscreen_name_wh2_dlc15_army_abilities_skarsniks_big_waaagh"	""	"True"
"special_ability_phases_onscreen_name_wh2_dlc15_unit_passive_ghostly_protection"	""	"True"
"special_ability_phases_onscreen_name_wh_main_weapon_passive_glittering_scales"	""	"True"
"special_ability_phases_onscreen_name_wh2_dlc15_unit_passive_omen_of_hope"	""	"True"
"special_ability_phases_onscreen_name_wh2_dlc14_unit_abilities_doppelgang"	""	"True"
"special_ability_phases_onscreen_name_wh_main_weapon_abilities_tormentor_sword"	""	"True"
"special_ability_phases_onscreen_name_wh_dlc07_unit_passive_icon_of_devotion"	""	"True"
"special_ability_phases_onscreen_name_wh_dlc07_hero_passive_precise_control"	""	"True"
"special_ability_phases_onscreen_name_wh_main_lord_passive_deathblow"	""	"True"
"special_ability_phases_onscreen_name_wh_main_item_abilities_sceptre_of_stability"	""	"True"
"special_ability_phases_onscreen_name_wh_main_spell_lil_waaagh_night_shroud_upgraded"	""	"True"
"special_ability_phases_onscreen_name_wh_pro01_lord_abilities_flash_bomb"	""	"True"
"special_ability_phases_onscreen_name_wh2_dlc12_unit_contact_suppressive_fire"	"[[col:red]][[img:UI/Battle UI/ability_icons/wh2_dlc12_unit_passive_arcane_configuration.png]][[/img]]Suppressed![[/col]]"	"True"
"special_ability_phases_onscreen_name_wh2_dlc09_faction_passive_realm_of_souls_tier_1"	""	"True"
"special_ability_phases_onscreen_name_wh2_dlc10_item_passive_banner_of_avelorn"	""	"True"
"special_ability_phases_onscreen_name_wh_dlc04_unit_passive_unbinding_crypt_ghouls"	"[[img:unbinding_stage_one]][[/img]]Stable Binding (No damage)"	"True"
"special_ability_phases_onscreen_name_wh2_dlc15_unit_passive_nightgoblin_poison"	""	"True"
"special_ability_phases_onscreen_name_wh_main_character_passive_dark_benediction"	""	"True"
"special_ability_phases_onscreen_name_wh_main_item_abilities_potion_of_strength"	""	"True"
"special_ability_phases_onscreen_name_wh_dlc08_quest_passive_chilling_aura_boss"	""	"True"
"special_ability_phases_onscreen_name_wh_main_unit_passive_unstable_mark_ii"	""	"True"
"special_ability_phases_onscreen_name_wh_dlc04_item_passive_jade_griffon"	""	"True"
"special_ability_phases_onscreen_name_wh2_main_character_passive_loose"	""	"True"
"special_ability_phases_onscreen_name_wh2_dlc14_item_passive_idol_of_darkness"	""	"True"
"special_ability_phases_onscreen_name_wh_dlc03_weapon_passive_mangelder"	""	"True"
"special_ability_phases_onscreen_name_wh_dlc05_spell_life_the_dwellers_below_upgraded"	"Dwellers Below"	"True"
"special_ability_phases_onscreen_name_wh2_dlc15_army_abilities_wurrzags_waaagh"	""	"True"
"special_ability_phases_onscreen_name_wh2_dlc13_weapon_passive_solland_runefang"	""	"True"
"special_ability_phases_onscreen_name_wh_main_item_abilities_potion_of_healing"	""	"True"
"special_ability_phases_onscreen_name_wh_dlc01_banner_passive_blasted_standard"	""	"True"
"special_ability_phases_onscreen_name_wh_main_spell_metal_plague_of_rust"	""	"True"
"special_ability_phases_onscreen_name_wh2_dlc11_unit_passive_unbinding_rotting_prometheans"	"[[img:unbinding_stage_one]][[/img]]Stable Binding (No damage)"	"True"
"special_ability_phases_onscreen_name_wh2_dlc15_character_abilities_they_needs_stabbin"	""	"True"
"special_ability_phases_onscreen_name_wh_main_spell_death_soulblight"	""	"True"
"special_ability_phases_onscreen_name_wh2_main_item_passive_blessed_tome"	""	"True"
"special_ability_phases_onscreen_name_wh2_dlc15_character_abilities_slimy_smoothie"	""	"True"
"special_ability_phases_onscreen_name_wh2_main_character_abilities_black_lotus"	"Black Lotus"	"True"
"special_ability_phases_onscreen_name_wh2_pro08_character_passive_heroic_fortitude_miscast"	"[[col:green]][[img:icon_hp]][[/img]]Regenerate hitpoints[[/col]]"	"True"
"special_ability_phases_onscreen_name_wh_dlc04_spell_bound_shield_of_faith_upgraded"	""	"True"
"special_ability_phases_onscreen_name_wh_main_unit_abilities_unholy_vigour"	""	"True"
"special_ability_phases_onscreen_name_wh_main_character_abilities_red_fury"	""	"True"
"special_ability_phases_onscreen_name_wh_main_item_abilities_wand_of_jet"	""	"True"
"special_ability_phases_onscreen_name_wh_dlc05_lore_passive_smoke_and_mirrors"	"Smoke & Mirrors"	"True"
"special_ability_phases_onscreen_name_wh2_dlc11_character_abilities_all_hands_hoay"	""	"True"
"special_ability_phases_onscreen_name_wh2_dlc13_lord_abilities_funnel_of_flame"	""	"True"
"special_ability_phases_onscreen_name_wh2_main_army_abilities_channeling_spire"	""	"True"
"special_ability_phases_onscreen_name_wh2_dlc11_lord_abilities_ghoul_king_of_ushoran"	""	"True"
"special_ability_phases_onscreen_name_wh2_dlc10_item_abilities_the_amber_trance_miscast"	""	"True"
"special_ability_phases_onscreen_name_wh_main_weapon_abilities_charmed_shield"	""	"True"
"special_ability_phases_onscreen_name_wh_dlc05_unit_abilities_storm_of_blades"	""	"True"
"special_ability_phases_onscreen_name_wh2_main_unit_passive_too_horrible_to_die"	"Too Horrible to Die"	"True"
"special_ability_phases_onscreen_name_wh_main_unit_passive_unbinding_feral_cold_ones"	"[[img:unbinding_stage_one]][[/img]]Stable Binding (No damage)"	"True"
"special_ability_phases_onscreen_name_wh_main_spell_lil_waaagh_sneaky_stabbin"	""	"True"
"special_ability_phases_onscreen_name_wh2_dlc15_unit_abilities_rock_bottom"	""	"True"
"special_ability_phases_onscreen_name_wh2_dlc13_item_passive_golden_tributes"	""	"True"
"special_ability_phases_onscreen_name_wh2_main_item_abilities_blood_statuette_of_spite"	""	"True"
"special_ability_phases_onscreen_name_wh_main_unit_passive_unbinding_skeleton_warriors"	"[[img:unbinding_stage_one]][[/img]]Stable Binding (No damage)"	"True"
"special_ability_phases_onscreen_name_wh2_dlc15_army_abilities_oath_of_replenishment"	""	"True"
"special_ability_phases_onscreen_name_wh_main_character_abilities_stand_your_ground"	""	"True"
"special_ability_phases_onscreen_name_wh_main_item_abilities_potion_of_speed"	""	"True"
"special_ability_phases_onscreen_name_wh2_dlc15_army_abilities_big_waaagh"	""	"True"
"special_ability_phases_onscreen_name_wh2_main_spell_bound_black_staff"	""	"True"
"special_ability_phases_onscreen_name_wh_main_spell_lil_waaagh_night_shroud"	""	"True"
"special_ability_phases_onscreen_name_wh2_main_unit_passive_blizzard_aura"	""	"True"
"special_ability_phases_onscreen_name_wh2_main_item_abilities_the_tricksters_pendant"	""	"True"
"special_ability_phases_onscreen_name_wh2_dlc11_character_abilities_hornswaggle"	""	"True"
"special_ability_phases_onscreen_name_wh_dlc05_spell_life_shield_of_thorns"	""	"True"
"special_ability_phases_onscreen_name_wh2_dlc09_army_abilities_sand_veil"	""	"True"
"special_ability_phases_onscreen_name_wh_main_unit_passive_unbinding_weak_large"	"[[img:unbinding_stage_two]][[/img]]Weak Binding (Low damage)"	"True"
"special_ability_phases_onscreen_name_wh2_dlc15_unit_passive_spiky_skin"	""	"True"
"special_ability_phases_onscreen_name_wh2_main_item_abilities_scroll_of_hoeth"	""	"True"
"special_ability_phases_onscreen_name_wh2_dlc14_unit_passive_aura_of_ardour"	""	"True"
"special_ability_phases_onscreen_name_wh2_main_spell_bound_embers_of_the_phoenix"	""	"True"
"special_ability_phases_onscreen_name_wh_main_banner_passive_banner_of_eternal_flame"	""	"True"
"special_ability_phases_onscreen_name_wh_main_rune_abilities_rune_of_courage"	""	"True"
"special_ability_phases_onscreen_name_wh_main_item_abilities_scroll_of_shielding"	""	"True"
"special_ability_phases_onscreen_name_wh_main_item_abilities_forbidden_rod"	""	"True"
"special_ability_phases_onscreen_name_wh2_dlc12_unit_abilities_toad_rage"	""	"True"
"special_ability_phases_onscreen_name_wh2_dlc11_spell_deep_fog_of_the_damned_upgraded"	""	"True"
"special_ability_phases_onscreen_name_wh2_dlc10_lord_passive_blood_frenzy_1"	"[[img:stage_one]][[/img]]Stage One"	"True"
"special_ability_phases_onscreen_name_wh2_main_spell_high_magic_apotheosis"	""	"True"
"special_ability_phases_onscreen_name_wh_main_spell_death_spirit_leech"	"Spirit Leech!"	"True"
"special_ability_phases_onscreen_name_wh2_dlc15_lord_passive_best_of_da_best"	""	"True"
"special_ability_phases_onscreen_name_wh_main_hero_abilities_accusation"	""	"True"
"special_ability_phases_onscreen_name_wh_dlc05_spell_life_the_dwellers_below"	"Dwellers Below"	"True"
"special_ability_phases_onscreen_name_wh_dlc06_unit_abilities_marked_by_ulthar"	""	"True"
"special_ability_phases_onscreen_name_wh2_dlc14_lord_passive_tzarkan"	""	"True"
"special_ability_phases_onscreen_name_wh2_dlc11_lord_passive_honour_or_death"	""	"True"
"special_ability_phases_onscreen_name_wh2_main_unit_passive_unbinding_clanrats"	"[[img:unbinding_stage_one]][[/img]]Stable Binding (No damage)"	"True"
"special_ability_phases_onscreen_name_wh_main_banner_passive_scarecrow_banner"	""	"True"
"special_ability_phases_onscreen_name_wh_dlc08_hero_passive_ruinious_flesh"	""	"True"
"special_ability_phases_onscreen_name_wh2_main_item_passive_pipes_of_piebald"	""	"True"
"special_ability_phases_onscreen_name_wh_dlc06_unit_passive_unbinding_spider_hatchling"	"[[img:unbinding_stage_one]][[/img]]Stable Binding (No damage)"	"True"
"special_ability_phases_onscreen_name_wh2_dlc15_character_abilities_sausage_busta"	""	"True"
"special_ability_phases_onscreen_name_wh2_main_spell_plague_bless_with_filth"	""	"True"
"special_ability_phases_onscreen_name_wh2_dlc09_faction_passive_realm_of_souls_tier_2"	""	"True"
"special_ability_phases_onscreen_name_wh2_main_army_abilities_mors_clanstone"	""	"True"
"special_ability_phases_onscreen_name_wh_main_spell_metal_transmutation_of_lead_upgraded"	""	"True"
"special_ability_phases_onscreen_name_wh_main_weapon_passive_chaos_tomb_blade"	""	"True"
"special_ability_phases_onscreen_name_wh2_dlc09_item_passive_scorpion_armour"	""	"True"
"special_ability_phases_onscreen_name_wh2_dlc13_lord_passive_trueshot_aura"	""	"True"
"special_ability_phases_onscreen_name_wh2_dlc13_weapon_abilities_mace_of_ulumak"	""	"True"
"special_ability_phases_onscreen_name_wh2_dlc09_item_abilities_elixir_of_might"	""	"True"
"special_ability_phases_onscreen_name_wh2_dlc11_unit_passive_noxious_unstable_buffer"	""	"True"
"special_ability_phases_onscreen_name_wh2_main_weapon_bound_winged_staff"	""	"True"
"special_ability_phases_onscreen_name_wh2_dlc13_item_abilities_shield_of_aeons"	""	"True"
"special_ability_phases_onscreen_name_wh2_dlc14_lord_abilities_whiplash"	""	"True"
"special_ability_phases_onscreen_name_wh2_main_lore_passive_musk_of_fear"	"Musk of Fear"	"True"
"special_ability_phases_onscreen_name_wh2_dlc13_character_ability_hunters_call"	""	"True"
"special_ability_phases_onscreen_name_wh2_dlc11_hero_abilities_bomb_throw"	""	"True"
"special_ability_phases_onscreen_name_wh2_dlc09_item_abilities_neferras_scrolls_of_mighty_incantations"	""	"True"
"special_ability_phases_onscreen_name_wh2_dlc14_item_passive_the_cloak_of_shadows"	""	"True"
"special_ability_phases_onscreen_name_wh_main_unit_passive_unbinding_weak_rat"	"[[img:unbinding_stage_two]][[/img]]Weak Binding (Low damage)"	"True"
"special_ability_phases_onscreen_name_wh2_main_lord_abilities_trophy_heads"	""	"True"
"special_ability_phases_onscreen_name_wh_dlc05_lord_passive_howl_of_the_forest"	""	"True"
"special_ability_phases_onscreen_name_wh2_dlc09_character_abilities_tomb_king_rally"	""	"True"
"special_ability_phases_onscreen_name_wh2_dlc11_unit_passive_unbinding_varghulf"	"[[img:unbinding_stage_one]][[/img]]Stable Binding (No damage)"	"True"
"special_ability_phases_onscreen_name_wh_dlc01_weapon_abilities_starcrusher"	""	"True"
"special_ability_phases_onscreen_name_wh2_dlc12_weapon_passive_blade_of_the_serpents_tongue"	""	"True"
"special_ability_phases_onscreen_name_wh_dlc05_lore_passive_life_bloom"	"Life Bloom"	"True"
"special_ability_phases_onscreen_name_wh2_dlc09_unit_contact_shieldbreaker"	"[[col:red]][[img:ui/skins/default/modifier_icon_armour_break.png]][[/img]]Shieldbreaker[[/col]]"	"True"
"special_ability_phases_onscreen_name_wh_dlc03_spell_beasts_flock_of_doom_upgraded"	""	"True"
"special_ability_phases_onscreen_name_wh2_dlc11_unit_passive_noxious_unstable_mark_ii"	""	"True"
"special_ability_phases_onscreen_name_wh2_dlc15_unit_passive_rubble_and_ruin_tier_2"	""	"True"
"special_ability_phases_onscreen_name_wh2_main_weapon_abilities_dwarf_gouger"	""	"True"
"special_ability_phases_onscreen_name_wh_dlc01_unit_passive_unbinding_chaos_spawn"	"[[img:unbinding_stage_one]][[/img]]Stable Binding (No damage)"	"True"
"special_ability_phases_onscreen_name_wh2_dlc15_unit_passive_sorcery_weapon"	""	"True"
"special_ability_phases_onscreen_name_wh_dlc05_quest_passive_blessed_by_the_mage_queen"	""	"True"
"special_ability_phases_onscreen_name_wh2_main_lore_passive_plague_rash"	"Plague Rash"	"True"
"special_ability_phases_onscreen_name_wh2_main_spell_dark_magic_chillwind"	"[[col:red]]Frostbite[[/col]]"	"True"
"special_ability_phases_onscreen_name_wh_main_item_abilities_skull_of_katam"	""	"True"
"special_ability_phases_onscreen_name_wh_main_lord_passive_the_ladys_champion"	""	"True"
"special_ability_phases_onscreen_name_wh_dlc08_lord_passive_daring_deathblow"	""	"True"
"special_ability_phases_onscreen_name_wh_main_spell_big_waaagh_fists_of_gork"	""	"True"
"special_ability_phases_onscreen_name_wh_dlc04_item_abilities_the_liber_noctus"	""	"True"
"special_ability_phases_onscreen_name_wh2_dlc13_weapon_abilities_nordland_runefang"	""	"True"
"special_ability_phases_onscreen_name_wh2_main_item_abilities_the_liber_bubonicus"	""	"True"
"special_ability_phases_onscreen_name_wh_dlc07_hero_abilities_dolorous_blade"	""	"True"
"special_ability_phases_onscreen_name_wh_dlc03_character_abilities_apocalyptic_vision"	""	"True"
"special_ability_phases_onscreen_name_wh2_dlc10_item_passive_gate_keepers_helm"	""	"True"
"special_ability_phases_onscreen_name_wh2_dlc09_lord_abilities_the_liber_mortis"	""	"True"
"special_ability_phases_onscreen_name_wh2_main_item_passive_warpstone_armour"	""	"True"
"special_ability_phases_onscreen_name_wh2_dlc15_army_abilities_grimgors_big_waaagh"	""	"True"
"special_ability_phases_onscreen_name_wh_main_spell_light_bironas_timewarp_upgraded"	""	"True"
"special_ability_phases_onscreen_name_wh_main_lore_passive_sneaky_stealin"	"Sneaky Stealing"	"True"
"special_ability_phases_onscreen_name_wh_main_weapon_abilities_gitsnik"	""	"True"
"special_ability_phases_onscreen_name_wh_dlc06_quest_passive_squigs_go_boom"	""	"True"
"special_ability_phases_onscreen_name_wh2_dlc10_hef_unit_passive_ability_guardian"	""	"True"
"special_ability_phases_onscreen_name_wh_dlc03_hero_passive_the_unrelenting_warherd_ii"	""	"True"
"special_ability_phases_onscreen_name_wh2_dlc09_spell_nehekhara_usirians_incantation_of_vengeance_upgraded"	""	"True"
"special_ability_phases_onscreen_name_wh_dlc05_spell_life_earth_blood"	""	"True"
"special_ability_phases_onscreen_name_wh2_dlc14_spell_ruin_flensing_ruin"	""	"True"
"special_ability_phases_onscreen_name_wh2_main_unit_passive_martial_mastery"	""	"True"
"special_ability_phases_onscreen_name_wh2_dlc15_unit_passive_mimic_ethereal"	""	"True"
"special_ability_phases_onscreen_name_wh2_main_unit_passive_attuned_to_magic"	""	"True"
"special_ability_phases_onscreen_name_wh_main_item_abilities_skull_wand_of_kaloth"	""	"True"
"special_ability_phases_onscreen_name_wh2_dlc09_item_passive_crown_of_nehekhara"	""	"True"
"special_ability_phases_onscreen_name_wh2_main_unit_contact_healing_heavy"	"[[col:green]][[img:ui/skins/default/modifier_icon_overhead_morale.png]][[/img]]Healing[[/col]]"	"True"
"special_ability_phases_onscreen_name_wh2_main_army_abilities_dark_conduit"	""	"True"
"special_ability_phases_onscreen_name_wh2_dlc12_unit_passive_blade_swirl"	""	"True"
"special_ability_phases_onscreen_name_wh2_dlc09_item_abilities_hieratic_jar"	""	"True"
"special_ability_phases_onscreen_name_wh_dlc05_spell_shadow_the_withering_upgraded"	""	"True"
"special_ability_phases_onscreen_name_wh_dlc08_unit_abilities_berserk_ii"	"[[img:stage_two]][[/img]]Stage Two"	"True"
"special_ability_phases_onscreen_name_wh2_dlc13_final_battle_character_abilities_rodrik_ward_save_reduction"	""	"True"
"special_ability_phases_onscreen_name_wh2_pro08_character_abilities_gotrek_doom"	""	"True"
"special_ability_phases_onscreen_name_wh_main_lord_passive_hold_the_line"	""	"True"
"special_ability_phases_onscreen_name_wh_dlc06_character_abilities_effagee_of_da_git"	""	"True"
"special_ability_phases_onscreen_name_wh2_dlc10_quest_passive_primal_rampage_iii"	"[[img:stage_three]][[/img]]Stage Three"	"True"
"special_ability_phases_onscreen_name_wh2_dlc12_lord_passive_secondwind_serum"	""	"True"
"special_ability_phases_onscreen_name_wh2_dlc12_lord_abilities_master_of_the_skies"	""	"True"
"special_ability_phases_onscreen_name_wh2_dlc14_unit_passive_unbinding_eshin_triads_ror_2"	""	"True"
"special_ability_phases_onscreen_name_wh2_main_item_abilities_aura_of_quetzl"	""	"True"
"special_ability_phases_onscreen_name_wh2_main_spell_ruin_howling_warpgale_upgraded"	""	"True"
"special_ability_phases_onscreen_name_wh_main_hero_passive_aura_of_the_lady"	""	"True"
"special_ability_phases_onscreen_name_wh_dlc04_unit_passive_blasphemous_tome"	""	"True"
"special_ability_phases_onscreen_name_wh2_main_item_abilities_talisman_of_loec"	""	"True"
"special_ability_phases_onscreen_name_wh2_dlc11_unit_passive_unbinding_knights_of_the_realm"	"[[img:unbinding_stage_one]][[/img]]Stable Binding (No damage)"	"True"
"special_ability_phases_onscreen_name_wh2_dlc09_item_passive_vambraces_of_the_sun"	""	"True"
"special_ability_phases_onscreen_name_wh_dlc08_weapon_abilities_sword_of_torgald"	""	"True"
"special_ability_phases_onscreen_name_wh2_main_army_abilities_moulder_clanstone"	""	"True"
"special_ability_phases_onscreen_name_wh_main_unit_passive_unstable"	""	"True"
"special_ability_phases_onscreen_name_wh2_main_spell_high_magic_arcane_unforging"	""	"True"
"special_ability_phases_onscreen_name_wh_dlc03_unit_passive_bloodgreed"	""	"True"
"special_ability_phases_onscreen_name_wh_dlc07_unit_formation_lance"	""	"True"
"special_ability_phases_onscreen_name_wh2_main_item_passive_shield_of_ghrond"	""	"True"
"special_ability_phases_onscreen_name_wh2_main_item_abilities_skalm"	""	"True"
"special_ability_phases_onscreen_name_wh_dlc05_unit_abilities_woven_mist"	""	"True"
"special_ability_phases_onscreen_name_wh2_dlc11_lord_abilities_seduction"	""	"True"
"special_ability_phases_onscreen_name_wh_dlc08_item_abilities_vial_of_troll_blood"	""	"True"
"special_ability_phases_onscreen_name_wh_dlc06_unit_contact_discouraged"	"[[col:red]][[img:ui/skins/default/modifier_icon_overhead_morale.png]][[/img]]Discouraged![[/col]]"	"True"
"special_ability_phases_onscreen_name_wh_dlc08_weapon_abilities_stinky_giant_club"	""	"True"
"special_ability_phases_onscreen_name_wh_dlc08_unit_abilities_giver_of_glory"	""	"True"
"special_ability_phases_onscreen_name_wh2_dlc09_weapon_abilities_blade_of_setep"	""	"True"
"special_ability_phases_onscreen_name_wh2_main_unit_contact_weeping_blade"	"[[col:red]][[img:ui/skins/default/modifier_icon_armour_break.png]][[/img]]Weeping Blade[[/col]]"	"True"
"special_ability_phases_onscreen_name_wh2_main_item_passive_heart_of_averlorn"	"Heart of Avelorn"	"True"
"special_ability_phases_onscreen_name_wh2_dlc13_weapon_abilities_talabecland_runefang"	""	"True"
"special_ability_phases_onscreen_name_wh2_dlc15_unit_active_mimic_ruinshelter"	""	"True"
"special_ability_phases_onscreen_name_wh2_dlc15_army_abilities_invocation_of_ending"	""	"True"
"special_ability_phases_onscreen_name_wh_dlc08_unit_abilities_seduction_of_the_serpent"	""	"True"
"special_ability_phases_onscreen_name_wh2_dlc14_unit_passive_unbinding_eshin_triads_ror_1"	""	"True"
"special_ability_phases_onscreen_name_wh_pro02_item_abilities_blood_chalice_of_bathori"	""	"True"
"special_ability_phases_onscreen_name_wh_main_spell_death_doom_and_darkness_upgraded"	""	"True"
"special_ability_phases_onscreen_name_wh_main_lore_passive_the_curse_of_undeath"	"Curse of Undeath"	"True"
"special_ability_phases_onscreen_name_wh2_dlc14_unit_abilities_wail_of_malice"	""	"True"
"special_ability_phases_onscreen_name_wh2_dlc15_unit_contact_scorched"	"[[col:red]]Scorched!![[/col]]"	"True"
"special_ability_phases_onscreen_name_wh_dlc06_lord_passive_locus_of_power"	""	"True"
"special_ability_phases_onscreen_name_wh_main_character_passive_evasion"	""	"True"
"special_ability_phases_onscreen_name_wh2_dlc10_quest_abilities_regenerating_head_dummy"	""	"True"
"special_ability_phases_onscreen_name_wh_dlc01_item_passive_the_crown_of_domination"	""	"True"
"special_ability_phases_onscreen_name_wh_dlc05_unit_abilities_the_shadows_coil"	""	"True"
"special_ability_phases_onscreen_name_wh_main_lore_passive_kindleflame"	"Kindleflame"	"True"
"special_ability_phases_onscreen_name_wh2_dlc12_lord_passive_overload"	""	"True"
"special_ability_phases_onscreen_name_wh_dlc06_weapon_passive_hammer_of_angrund"	""	"True"
"special_ability_phases_onscreen_name_wh_dlc03_spell_wild_traitor_kin_upgraded"	""	"True"
"special_ability_phases_onscreen_name_wh2_dlc10_quest_passive_primal_rampage_i_hidden"	"[[img:stage_one]][[/img]]Stage One"	"True"
"special_ability_phases_onscreen_name_wh2_dlc14_unit_passive_unbinding_stormvermin_1"	"[[img:unbinding_stage_one]][[/img]]Stable Binding (No damage)"	"True"
"special_ability_phases_onscreen_name_wh_dlc05_quest_passive_aura_of_transmutation"	""	"True"
"special_ability_phases_onscreen_name_wh2_dlc09_character_abilities_strike_of_tombs"	""	"True"
"special_ability_phases_onscreen_name_wh_main_spell_lil_waaagh_gorkll_fix_it"	""	"True"
"special_ability_phases_onscreen_name_wh2_dlc15_unit_passive_monstrous_disease"	""	"True"
"special_ability_phases_onscreen_name_wh2_main_item_passive_sunburst_standard_of_hexoatl"	""	"True"
"special_ability_phases_onscreen_name_wh2_dlc09_character_abilities_tomb_king_rally_upgraded"	""	"True"
"special_ability_phases_onscreen_name_wh2_dlc09_character_abilities_restore"	""	"True"
"special_ability_phases_onscreen_name_wh_main_hero_abilities_ballistics_calibration"	""	"True"
"special_ability_phases_onscreen_name_wh2_dlc09_lore_passive_the_restless_dead"	"The Restless Dead"	"True"
"special_ability_phases_onscreen_name_wh_main_spell_metal_final_transmutation_upgraded"	""	"True"
"special_ability_phases_onscreen_name_wh_main_hero_passive_swarm_of_flies"	""	"True"
"special_ability_phases_onscreen_name_wh2_dlc15_army_abilities_groms_waaagh"	""	"True"
"special_ability_phases_onscreen_name_wh_main_spell_death_soulblight_upgraded"	""	"True"
"special_ability_phases_onscreen_name_wh2_dlc14_spell_stealth_armour_of_darkness"	""	"True"
"special_ability_phases_onscreen_name_wh_dlc08_unit_abilities_rage_iii"	"[[img:stage_three]][[/img]]Stage Three"	"True"
"special_ability_phases_onscreen_name_wh2_dlc13_final_battle_character_abilities_jorek_ammo_replenishment"	""	"True"
"special_ability_phases_onscreen_name_wh_dlc03_weapon_abilities_axe_of_men"	""	"True"
"special_ability_phases_onscreen_name_wh2_dlc09_spell_nehekhara_usekhps_incantation_of_desiccation"	""	"True"
"special_ability_phases_onscreen_name_wh2_dlc10_item_passive_stone_of_midnight"	""	"True"
"special_ability_phases_onscreen_name_wh2_dlc15_hero_abilites_mither"	""	"True"
"special_ability_phases_onscreen_name_wh2_pro08_character_passive_blood_oath"	""	"True"
"special_ability_phases_onscreen_name_wh_dlc06_unit_passive_power_of_the_dragonback"	""	"True"
"special_ability_phases_onscreen_name_wh_main_unit_passive_unbinding_weak"	"[[img:unbinding_stage_two]][[/img]]Weak Binding (Low damage)"	"True"
"special_ability_phases_onscreen_name_wh2_main_weapon_abilities_hydra_blade"	""	"True"
"special_ability_phases_onscreen_name_wh2_main_lord_passive_enchanting_beauty"	""	"True"
"special_ability_phases_onscreen_name_wh_dlc08_unit_abilities_berserk_i"	"[[img:stage_one]][[/img]]Stage One"	"True"
"special_ability_phases_onscreen_name_wh2_main_character_abilities_verminous_valour"	""	"True"
"special_ability_phases_onscreen_name_wh2_dlc12_character_abilities_brass_orb"	"[[col:red]]Brass Orb[[/col]]"	"True"
"special_ability_phases_onscreen_name_wh2_dlc15_weapon_passive_slaggas_slashas"	""	"True"
"special_ability_phases_onscreen_name_wh_main_character_abilities_waaagh"	""	"True"
"special_ability_phases_onscreen_name_wh2_dlc13_unit_passive_dread_aversion"	""	"True"
"special_ability_phases_onscreen_name_wh_dlc03_item_abilities_hagtree_fetish"	""	"True"
"special_ability_phases_onscreen_name_wh_dlc04_lord_passive_aura_of_dark_majesty"	""	"True"
"special_ability_phases_onscreen_name_wh2_main_item_abilities_the_bane_shield"	""	"True"
"special_ability_phases_onscreen_name_wh2_dlc15_banner_passive_da_immortulz"	""	"True"
"special_ability_phases_onscreen_name_wh2_main_item_abilities_the_horn_of_kygor"	""	"True"
"special_ability_phases_onscreen_name_wh_main_spell_light_bironas_timewarp"	""	"True"
"special_ability_phases_onscreen_name_wh2_dlc13_unit_abilities_bathed_in_blood"	""	"True"
"special_ability_phases_onscreen_name_wh_dlc08_hero_passive_vicious_assault_iii"	""	"True"
"special_ability_phases_onscreen_name_wh_dlc08_unit_abilities_berserk_iii"	"[[img:stage_three]][[/img]]Stage Three"	"True"
"special_ability_phases_onscreen_name_wh_dlc06_rune_abilities_master_rune_of_wrath_and_ruin"	""	"True"
"special_ability_phases_onscreen_name_wh_main_unit_passive_unbinding_critical"	"[[img:unbinding_stage_three]][[/img]]Critical Unbinding (Extreme damage)"	"True"
"special_ability_phases_onscreen_name_wh_main_rune_abilities_rune_of_oath_and_steel"	""	"True"
"special_ability_phases_onscreen_name_wh_main_weapon_abilities_helm_of_discord"	""	"True"
"special_ability_phases_onscreen_name_wh_dlc06_quest_passive_inquisitor_of_sigmar"	""	"True"
"special_ability_phases_onscreen_name_wh_main_mount_passive_aura_of_protection"	""	"True"
"special_ability_phases_onscreen_name_wh_main_hero_abilities_immortal_will"	""	"True"
"special_ability_phases_onscreen_name_wh2_dlc12_unit_abilities_refuse_to_die"	""	"True"
"special_ability_phases_onscreen_name_wh2_main_spell_dark_magic_soul_stealer_miscast"	"[[col:green]][[img:icon_hp]][[/img]]Absorb hitpoints from enemies[[/col]]"	"True"
"special_ability_phases_onscreen_name_wh2_main_item_passive_loremasters_cloak"	""	"True"
"special_ability_phases_onscreen_name_wh2_dlc15_lord_abilities_bad_trip"	""	"True"
"special_ability_phases_onscreen_name_wh_main_unit_contact_morale"	"[[col:red]][[img:ui/skins/default/modifier_icon_overhead_morale.png]][[/img]]Burnt![[/col]]"	"True"
"special_ability_phases_onscreen_name_wh_dlc08_item_abilities_the_wintertooth_crown"	""	"True"
"special_ability_phases_onscreen_name_wh_pro04_unit_abilities_warp_gaze"	""	"True"
"special_ability_phases_onscreen_name_wh2_dlc09_quest_passive_full_hide"	""	"True"
"special_ability_phases_onscreen_name_wh2_main_lord_abilities_feint_and_reposte"	""	"True"
"special_ability_phases_onscreen_name_wh_main_spell_bound_book_of_arkhan"	""	"True"
"special_ability_phases_onscreen_name_wh2_dlc09_unit_passive_unstable_sand"	""	"True"
"special_ability_phases_onscreen_name_wh2_dlc11_army_abilities_shanty_verse_3"	""	"True"
"special_ability_phases_onscreen_name_wh_dlc03_item_passive_banner_of_the_fallen_king"	""	"True"
"special_ability_phases_onscreen_name_wh_dlc08_unit_abilities_fight_or_die"	""	"True"
"special_ability_phases_onscreen_name_wh2_dlc14_spell_stealth_brittle_bone"	""	"True"
"special_ability_phases_onscreen_name_wh2_dlc11_character_abilities_cackle_fruit"	"[[col:red]]Cackle Fruit![[/col]]"	"True"
"special_ability_phases_onscreen_name_wh_dlc05_spell_shadow_melkoths_mystifying_miasma"	""	"True"
"special_ability_phases_onscreen_name_wh_main_weapon_abilities_the_reikland_runefang"	""	"True"
"special_ability_phases_onscreen_name_wh2_main_unit_passive_unbinding_skink_priest"	"[[img:unbinding_stage_one]][[/img]]Stable Binding (No damage)"	"True"
"special_ability_phases_onscreen_name_wh_dlc03_weapon_passive_everbleed"	"Poison Imbuement"	"True"
"special_ability_phases_onscreen_name_wh2_dlc09_army_ability_tomb_swarm"	""	"True"
"special_ability_phases_onscreen_name_wh2_dlc12_unit_passive_arcane_configuration"	""	"True"
"special_ability_phases_onscreen_name_wh2_dlc09_spell_nehekhara_ptras_incantation_of_righteous_smiting_upgraded"	""	"True"
"special_ability_phases_onscreen_name_wh_main_spell_death_spirit_leech_upgraded"	""	"True"
"special_ability_phases_onscreen_name_wh2_dlc11_army_abilities_shanty_verse_1"	""	"True"
"special_ability_phases_onscreen_name_wh_dlc06_rune_passive_master_rune_of_slowness"	""	"True"
"special_ability_phases_onscreen_name_wh2_dlc12_unit_abilities_shield_of_chaqua"	""	"True"
"special_ability_phases_onscreen_name_wh2_dlc09_character_passive_true_blessing_of_asaph"	""	"True"
"special_ability_phases_onscreen_name_wh2_dlc14_lord_abilities_reaper_of_souls_miscast"	"[[col:green]][[img:icon_hp]][[/img]]Absorb hitpoints from enemies[[/col]]"	"True"
"special_ability_phases_onscreen_name_wh2_main_unit_passive_unbinding_clanrats_small"	"[[img:unbinding_stage_one]][[/img]]Stable Binding (No damage)"	"True"
"special_ability_phases_onscreen_name_wh_dlc04_item_abilities_the_carstein_ring"	""	"True"
"special_ability_phases_onscreen_name_wh_main_item_abilities_silver_horn_of_vengeance"	""	"True"
"special_ability_phases_onscreen_name_wh_dlc03_quest_passive_poisoning"	""	"True"
"special_ability_phases_onscreen_name_wh2_main_item_passive_portents_of_verminous_doom"	""	"True"
"special_ability_phases_onscreen_name_wh2_dlc13_item_passive_band_of_loyalty"	""	"True"
"special_ability_phases_onscreen_name_wh2_dlc13_weapon_abilities_wissenland_runefang"	""	"True"
"special_ability_phases_onscreen_name_wh_main_unit_passive_unbinding_critical_rat"	"[[img:unbinding_stage_three]][[/img]]Critical Unbinding (Extreme damage)"	"True"
"special_ability_phases_onscreen_name_wh2_main_item_abilities_scrying_stone"	""	"True"
"special_ability_phases_onscreen_name_wh_dlc05_spell_shadow_the_enfeebling_foe"	""	"True"
"special_ability_phases_onscreen_name_wh2_dlc15_item_abilities_lucky_banner"	""	"True"
"special_ability_phases_onscreen_name_wh_main_lore_passive_exorcism"	"Exorcism"	"True"
"special_ability_phases_onscreen_name_wh_dlc08_hero_passive_vicious_assault_ii"	""	"True"
"special_ability_phases_onscreen_name_wh2_main_unit_passive_snare_net"	"Snare Net"	"True"
"special_ability_phases_onscreen_name_wh2_dlc09_character_passive_befalling_curse"	""	"True"
"special_ability_phases_onscreen_name_wh2_dlc11_spell_deep_spiteful_shot"	""	"True"
"special_ability_phases_onscreen_name_wh2_dlc15_army_abilities_grimgors_waaagh"	""	"True"
"special_ability_phases_onscreen_name_wh2_main_mount_abilities_unholy_clamour"	""	"True"
"special_ability_phases_onscreen_name_wh2_main_weapon_abilities_web_of_shadows"	""	"True"
"special_ability_phases_onscreen_name_wh_dlc15_unit_passive_unbinding_rogue_idol"	"[[img:unbinding_stage_one]][[/img]]Stable Binding (No damage)"	"True"
"special_ability_phases_onscreen_name_wh2_dlc12_army_abilities_warpstorm_doomrocket"	"[[col:red]]Warpstone Poisoning![[/col]]"	"True"
"special_ability_phases_onscreen_name_wh2_main_character_passive_grand_arcane_conduit"	""	"True"
"special_ability_phases_onscreen_name_wh_dlc04_unit_contact_helmans_blight"	"[[col:red]][[img:ui/skins/default/modifier_icon_poison.png]][[/img]]Helman's Blight![[/col]]"	"True"
"special_ability_phases_onscreen_name_wh_main_unit_passive_unbinding_critical_large"	"[[img:unbinding_stage_three]][[/img]]Critical Unbinding (Extreme damage)"	"True"
"special_ability_phases_onscreen_name_wh2_dlc13_weapon_abilities_ostermark_runefang"	""	"True"
"special_ability_phases_onscreen_name_wh2_dlc10_item_passive_prospectors_spyglass"	""	"True"
"special_ability_phases_onscreen_name_wh2_main_item_passive_diamond_guardian_phoenix"	""	"True"
"special_ability_phases_onscreen_name_wh2_dlc12_item_passive_plaque_of_sotek"	"Plaque of Sotek"	"True"
"special_ability_phases_onscreen_name_wh2_dlc13_lord_abilities_primal_roar"	""	"True"
"special_ability_phases_onscreen_name_wh2_main_army_abilities_skyre_clanstone"	""	"True"
"special_ability_phases_onscreen_name_wh_dlc08_hero_passive_frenzied_assault"	""	"True"
"special_ability_phases_onscreen_name_wh_main_lord_abilities_master_of_the_black_arts"	""	"True"
"special_ability_phases_onscreen_name_wh_main_spell_metal_glittering_robe_upgraded"	""	"True"
"special_ability_phases_onscreen_name_wh_dlc06_lord_abilities_spite_of_da_bad_moon"	""	"True"
"special_ability_phases_onscreen_name_wh_dlc03_weapon_passive_the_brass_cleaver"	""	"True"
"special_ability_phases_onscreen_name_wh2_dlc15_unit_passive_pump_harder_ladz"	""	"True"
"special_ability_phases_onscreen_name_wh_main_lord_passive_get_on_wiv_it"	""	"True"
"special_ability_phases_onscreen_name_wh_dlc04_unit_passive_the_reliquary_corruption"	""	"True"
"special_ability_phases_onscreen_name_wh_dlc02_unit_passive_the_flag_of_blood_keep"	""	"True"
"special_ability_phases_onscreen_name_wh2_main_unit_contact_witch_elf_poison"	"[[col:red]][[img:ui/skins/default/modifier_icon_witch_elf_poison.png]][[/img]]Madness of Khaine![[/col]]"	"True"
"special_ability_phases_onscreen_name_wh2_dlc15_unit_abilities_mighty_roar"	""	"True"
"special_ability_phases_onscreen_name_wh_dlc05_spell_shadow_okkams_mindrazor"	""	"True"
"special_ability_phases_onscreen_name_wh2_main_character_passive_fallen_mages"	""	"True"
"special_ability_phases_onscreen_name_wh2_dlc12_unit_contact_flammable"	"[[col:red]][[img:ui/skins/default/modifier_icon_flammable.png]][[/img]]Flammable![[/col]]"	"True"
"special_ability_phases_onscreen_name_wh2_dlc13_weapon_abilities_ostland_runefang"	""	"True"
"special_ability_phases_onscreen_name_wh2_dlc13_lord_abilities_hunters_trap"	""	"True"
"special_ability_phases_onscreen_name_wh_dlc05_weapon_abilities_daiths_sword"	""	"True"
"special_ability_phases_onscreen_name_wh_dlc05_lord_passive_sight_beyond_sight"	""	"True"
"special_ability_phases_onscreen_name_wh2_dlc13_army_abilities_protection_of_quetzl_upgraded"	""	"True"
"special_ability_phases_onscreen_name_wh_dlc08_character_abilities_hunter_of_champions"	""	"True"
"special_ability_phases_onscreen_name_wh_dlc03_character_abilities_call_of_violence"	""	"True"
"special_ability_phases_onscreen_name_wh2_dlc10_quest_passive_primal_rampage_i"	"[[img:stage_one]][[/img]]Stage One"	"True"
"special_ability_phases_onscreen_name_wh2_dlc11_unit_passive_unbinding_gunnery_mob"	"[[img:unbinding_stage_one]][[/img]]Stable Binding (No damage)"	"True"
"special_ability_phases_onscreen_name_wh2_dlc11_item_abilities_slann_gold"	""	"True"
"special_ability_phases_onscreen_name_wh2_dlc12_item_passive_braid_of_bordeleaux"	""	"True"
"special_ability_phases_onscreen_name_wh2_dlc14_spell_stealth_brittle_bone_upgraded"	""	"True"
"special_ability_phases_onscreen_name_wh_dlc03_lore_passive_wild_heart"	"Wild Heart"	"True"
"special_ability_phases_onscreen_name_wh_dlc05_unit_passive_guardians_of_the_wildwood"	""	"True"
"special_ability_phases_onscreen_name_wh_main_unit_passive_unbinding_critical_manticore"	"[[img:unbinding_stage_three]][[/img]]Critical Unbinding (Extreme damage)"	"True"
"special_ability_phases_onscreen_name_wh2_main_unit_passive_bloodshield_of_khaine"	""	"True"
"special_ability_phases_onscreen_name_wh2_dlc10_item_passive_ring_of_vengeance"	""	"True"
"special_ability_phases_onscreen_name_wh_main_lord_passive_the_hunger"	""	"True"
"special_ability_phases_onscreen_name_wh_main_unit_passive_frenzy"	""	"True"
"special_ability_phases_onscreen_name_wh2_dlc11_unit_passive_unbinding_deckhands_mob"	"[[img:unbinding_stage_one]][[/img]]Stable Binding (No damage)"	"True"
"special_ability_phases_onscreen_name_wh_main_character_abilities_rally"	""	"True"
"special_ability_phases_onscreen_name_wh2_dlc11_character_abilities_taunt"	""	"True"
"special_ability_phases_onscreen_name_wh2_dlc09_unit_passive_guardian"	""	"True"
"special_ability_phases_onscreen_name_wh2_main_item_passive_shield_of_distraction"	""	"True"
"special_ability_phases_onscreen_name_wh2_main_spell_bound_radiant_gem_of_hoeth"	""	"True"
"special_ability_phases_onscreen_name_wh_dlc06_lord_passive_warpaint_of_wurrzag"	""	"True"
"special_ability_phases_onscreen_name_wh2_dlc10_quest_abilities_unidentified_hydra_head"	"[[col:green]][[img:ui/skins/default/modifier_icon_overhead_morale.png]][[/img]]Healing[[/col]]"	"True"
"special_ability_phases_onscreen_name_wh_main_unit_passive_unbinding_weak_eagle"	"[[img:unbinding_stage_two]][[/img]]Weak Binding (Low damage)"	"True"
"special_ability_phases_onscreen_name_wh2_dlc12_unit_passive_portent_of_warding"	""	"True"
"special_ability_phases_onscreen_name_wh_main_unit_passive_war_paint"	""	"True"
"special_ability_phases_onscreen_name_wh_dlc03_spell_beasts_panns_impenetrable_pelt"	""	"True"
"special_ability_phases_onscreen_name_wh2_dlc14_character_passive_discombobulate"	"Discombobulated!"	"True"
"special_ability_phases_onscreen_name_wh_main_spell_vampires_vanhels_danse_macabre_upgraded"	""	"True"
"special_ability_phases_onscreen_name_wh_dlc03_hero_passive_the_unrelenting_warherd_i"	""	"True"
"special_ability_phases_onscreen_name_wh2_main_mount_passive_wall_of_unholy_sound"	""	"True"
"special_ability_phases_onscreen_name_wh_dlc03_item_abilities_skull_of_rarkos"	""	"True"
"special_ability_phases_onscreen_name_wh_main_character_abilities_undeath_resurgent"	""	"True"
"special_ability_phases_onscreen_name_wh2_dlc10_quest_abilities_regenerating_head"	""	"True"
"special_ability_phases_onscreen_name_wh2_main_character_abilities_dark_venom"	""	"True"
"special_ability_phases_onscreen_name_wh2_main_spell_high_magic_arcane_unforging_upgraded"	""	"True"
"special_ability_phases_onscreen_name_wh2_dlc11_item_passive_the_bordeleaux_flabellum"	"The Bordeleaux Flabellum"	"True"
"special_ability_phases_onscreen_name_wh2_pro08_unit_contact_dampen"	"[[col:red]][[img:ui/skins/default/modifier_icon_magical.png]][[/img]]Dampen![[/col]]"	"True"
"special_ability_phases_onscreen_name_wh2_dlc10_item_passive_ironwardens_shield"	""	"True"
"special_ability_phases_onscreen_name_wh_main_spell_death_aspect_of_the_dreadknight_upgraded"	""	"True"
"special_ability_phases_onscreen_name_wh2_dlc13_unit_passive_grim_resolve"	""	"True"
"special_ability_phases_onscreen_name_wh2_main_item_abilities_plaque_of_dominion"	""	"True"
"special_ability_phases_onscreen_name_wh2_dlc15_abilities_fermented_fungi"	""	"True"
"special_ability_phases_onscreen_name_wh2_dlc12_item_passive_mask_of_heavens"	""	"True"
"special_ability_phases_onscreen_name_wh2_main_unit_passive_rebirth"	"Rebirth"	"True"
"special_ability_phases_onscreen_name_wh_main_hero_abilities_slippery"	""	"True"
"special_ability_phases_onscreen_name_wh_main_item_abilities_daemonic_strength"	""	"True"
"special_ability_phases_onscreen_name_wh2_dlc09_unit_passive_unbinding_skeleton_warriors"	"[[img:unbinding_stage_one]][[/img]]Stable Binding (No damage)"	"True"
"special_ability_phases_onscreen_name_wh_dlc03_banner_passive_totem_of_rust"	""	"True"
"special_ability_phases_onscreen_name_wh2_dlc13_lord_abilities_rock_of_itza"	""	"True"
"special_ability_phases_onscreen_name_wh2_dlc14_lord_abilities_bloodstorm"	""	"True"
"special_ability_phases_onscreen_name_wh_dlc03_hero_passive_strength_of_the_land_i"	""	"True"
"special_ability_phases_onscreen_name_wh_main_spell_light_phas_protection"	""	"True"
"special_ability_phases_onscreen_name_wh2_dlc14_spell_stealth_veil_of_shadows"	""	"True"
"special_ability_phases_onscreen_name_wh2_main_character_abilities_witchbrew"	""	"True"
"special_ability_phases_onscreen_name_wh2_dlc10_item_passive_dragon_slayers_fang"	""	"True"
"special_ability_phases_onscreen_name_wh2_dlc14_unit_abilities_seismic_snare"	""	"True"
"special_ability_phases_onscreen_name_wh2_dlc15_unit_passive_immense_power"	""	"True"
"special_ability_phases_onscreen_name_wh2_dlc15_army_abilities_skarsniks_waaagh"	""	"True"
"special_ability_phases_onscreen_name_wh_main_lore_passive_life_leeching"	"Life Leeching"	"True"
"special_ability_phases_onscreen_name_wh_dlc03_hero_passive_the_unrelenting_warherd_iv"	""	"True"
"special_ability_phases_onscreen_name_wh2_dlc15_hero_passive_ballistics_instructor"	""	"True"
"special_ability_phases_onscreen_name_wh_main_spell_vampires_invocation_of_nehek"	""	"True"
"special_ability_phases_onscreen_name_wh2_dlc09_item_abilities_cloak_of_the_dunes"	""	"True"
"special_ability_phases_onscreen_name_wh2_dlc15_army_abilities_azhags_big_waaagh"	""	"True"
"special_ability_phases_onscreen_name_wh2_dlc14_unit_abilities_warp_quake"	""	"True"
"special_ability_phases_onscreen_name_wh2_dlc10_quest_passive_primal_rampage_ii"	"[[img:stage_two]][[/img]]Stage Two"	"True"
"special_ability_phases_onscreen_name_wh2_dlc14_unit_passive_unbinding_stormvermin_0"	"[[img:unbinding_stage_one]][[/img]]Stable Binding (No damage)"	"True"
"special_ability_phases_onscreen_name_wh_dlc05_quest_passive_corruptor_of_the_shadowgave_2"	""	"True"
"special_ability_phases_onscreen_name_wh_main_character_abilities_get_back_ere"	""	"True"
"special_ability_phases_onscreen_name_wh_dlc03_item_passive_blackened_plate"	""	"True"
"special_ability_phases_onscreen_name_wh2_dlc13_lord_abilities_miasma_of_despair"	""	"True"
"special_ability_phases_onscreen_name_wh_main_spell_metal_plague_of_rust_upgraded"	""	"True"
"special_ability_phases_onscreen_name_wh_dlc06_weapon_passive_bonewoof_staff"	"Bonewood Staff"	"True"
"special_ability_phases_onscreen_name_wh_main_unit_abilities_boom"	""	"True"
"special_ability_phases_onscreen_name_wh_dlc08_quest_passive_favoured_by_the_god"	""	"True"
"special_ability_phases_onscreen_name_wh_dlc03_hero_passive_the_unrelenting_warherd_iii"	""	"True"
"special_ability_phases_onscreen_name_wh2_pro08_character_abilities_helping_hand"	""	"True"
"special_ability_phases_onscreen_name_wh_main_character_passive_master_of_the_dead"	""	"True"
"special_ability_phases_onscreen_name_wh2_dlc12_unit_passive_zzzap"	"[[col:red]][[img:ui/skins/default/modifier_icon_zzzzap.png]][[/img]]Zzzzap![[/col]]"	"True"
"special_ability_phases_onscreen_name_wh2_dlc10_unit_passive_unbinding_alith_anar_2"	""	"True"
"special_ability_phases_onscreen_name_wh2_dlc10_unit_passive_abyssal_howl"	""	"True"
"special_ability_phases_onscreen_name_wh2_main_banner_passive_sacred_banner_of_the_horned_rat"	""	"True"
"special_ability_phases_onscreen_name_wh2_dlc15_lord_abilities_dragonhorn"	""	"True"
"special_ability_phases_onscreen_name_wh2_main_spell_ruin_skitterleap_upgraded"	""	"True"
"special_ability_phases_onscreen_name_wh2_dlc10_character_abilities_entangle"	""	"True"
"special_ability_phases_onscreen_name_wh_dlc05_quest_passive_blessed_by_the_mage_queen_2"	""	"True"
"special_ability_phases_onscreen_name_wh2_main_lord_passive_glamour_of_hoeth"	""	"True"
"special_ability_phases_onscreen_name_wh2_main_item_abilities_rod_of_corruption"	""	"True"
"special_ability_phases_onscreen_name_wh_main_banner_passive_griffon_banner"	""	"True"
"special_ability_phases_onscreen_name_wh2_dlc09_army_abilities_rictus_clanstone"	""	"True"
"special_ability_phases_onscreen_name_wh_dlc07_lord_passive_spirit_of_the_tempest"	""	"True"
"special_ability_phases_onscreen_name_wh_main_character_abilities_foe_seeker"	""	"True"
"special_ability_phases_onscreen_name_wh2_main_unit_abilities_concealment_bombs"	""	"True"
"special_ability_phases_onscreen_name_wh2_main_item_passive_sapphire_guardian_phoenix"	""	"True"
"special_ability_phases_onscreen_name_wh_dlc03_spell_beasts_flock_of_doom"	""	"True"
"special_ability_phases_onscreen_name_wh_main_item_abilities_potion_of_toughness"	""	"True"
"special_ability_phases_onscreen_name_wh_main_spell_lil_waaagh_curse_of_da_bad_moon"	"[[col:red]]Da Nasty Curse![[/col]]"	"True"
"special_ability_phases_onscreen_name_wh2_dlc14_unit_passive_duck_and_weave"	""	"True"
"special_ability_phases_onscreen_name_wh_dlc08_hero_passive_twisted_flesh_ii"	""	"True"
"special_ability_phases_onscreen_name_wh_dlc06_unit_contact_sundered_armour"	"[[col:red]][[img:ui/skins/default/modifier_icon_armour_break.png]][[/img]]Sundered Armour[[/col]]"	"True"
"special_ability_phases_onscreen_name_wh2_main_item_passive_supreme_spellshield"	""	"True"
"special_ability_phases_onscreen_name_wh_main_item_abilities_dark_fortune"	""	"True"
"special_ability_phases_onscreen_name_wh2_dlc10_weapon_passive_shadow_of_khaine"	""	"True"
"special_ability_phases_onscreen_name_wh2_dlc11_lord_abilities_power_siphon"	""	"True"
"special_ability_phases_onscreen_name_wh_main_unit_passive_unbinding_zombie"	"[[img:unbinding_stage_one]][[/img]]Stable Binding (No damage)"	"True"
"special_ability_phases_onscreen_name_wh2_dlc15_lord_abilities_da_great_un_iz_ere"	""	"True"
"special_ability_phases_onscreen_name_wh_main_character_abilities_arcane_conduit"	""	"True"
"special_ability_phases_onscreen_name_wh_main_spell_death_doom_and_darkness"	""	"True"
"special_ability_phases_onscreen_name_wh2_dlc09_unit_passive_unstable_mark_ii_sand"	""	"True"
"special_ability_phases_onscreen_name_wh2_main_spell_dark_magic_soul_stealer"	""	"True"
"special_ability_phases_onscreen_name_wh2_dlc15_unit_abilities_mimic_grand_hammer_of_faith"	""	"True"
"special_ability_phases_onscreen_name_wh_dlc03_item_abilities_chalice_of_dark_rain"	""	"True"
"special_ability_phases_onscreen_name_wh2_dlc09_character_abilities_strike_of_nagash"	""	"True"
"special_ability_phases_onscreen_name_wh_main_spell_heavens_harmonic_convergence_upgraded"	""	"True"
"special_ability_phases_onscreen_name_wh_pro04_unit_abilities_loecs_shroud"	""	"True"
"special_ability_phases_onscreen_name_wh_dlc08_lord_passive_determined_deathblow"	""	"True"
"special_ability_phases_onscreen_name_wh2_dlc11_spell_deep_tidecall"	"Tidecall"	"True"
"special_ability_phases_onscreen_name_wh2_main_item_abilities_blade_of_bel_korhadris"	""	"True"
"special_ability_phases_onscreen_name_wh_main_item_abilities_earthing_rod"	""	"True"
"special_ability_phases_onscreen_name_wh2_dlc13_lord_abilities_aura_of_inertia"	""	"True"
"special_ability_phases_onscreen_name_wh_dlc03_spell_beasts_the_curse_of_anraheir"	""	"True"
"special_ability_phases_onscreen_name_wh2_pro08_weapon_abilities_rune_axe_of_gotrek"	""	"True"
"special_ability_phases_onscreen_name_wh_dlc04_unit_passive_vigour_mortis"	""	"True"
"special_ability_phases_onscreen_name_wh2_dlc10_unit_passive_the_trial_of_blades"	""	"True"
"special_ability_phases_onscreen_name_wh2_dlc15_item_abilities_blood_forged_armour"	""	"True"
"special_ability_phases_onscreen_name_wh_main_banner_passive_banner_of_rage"	""	"True"
"special_ability_phases_onscreen_name_wh2_dlc09_weapon_abilities_blessed_blade_of_ptra"	""	"True"
"special_ability_phases_onscreen_name_wh2_dlc10_lord_abilities_red_ruin"	""	"True"
"special_ability_phases_onscreen_name_wh_dlc06_unit_contact_flammable"	"[[col:red]][[img:ui/skins/default/modifier_icon_flammable.png]][[/img]]Flammable![[/col]]"	"True"
"special_ability_phases_onscreen_name_wh2_dlc10_lord_abilities_oath_of_vengeance"	""	"True"
"special_ability_phases_onscreen_name_wh2_dlc13_weapon_passive_stirland_runefang"	""	"True"
"special_ability_phases_onscreen_name_wh2_main_army_abilities_pestilens_clanstone"	"Poison Imbuement"	"True"
"special_ability_phases_onscreen_name_wh2_dlc15_lord_abilities_smash_em_faster"	""	"True"
"special_ability_phases_onscreen_name_wh_main_spell_lil_waaagh_itchy_nuisance"	""	"True"
"special_ability_phases_onscreen_name_wh_main_hero_abilities_faiths_bastion"	""	"True"
"special_ability_phases_onscreen_name_wh2_dlc10_quest_passive_primal_rage_iii"	"[[img:stage_three]][[/img]]Stage Three"	"True"
"special_ability_phases_onscreen_name_wh_dlc08_unit_passive_from_the_mist"	""	"True"
"special_ability_phases_onscreen_name_wh_dlc03_unit_passive_primal_fury"	""	"True"
"special_ability_phases_onscreen_name_wh2_dlc15_unit_contact_shackolot_breath"	"[[col:red]][[img:ui/skins/default/modifier_icon_poison.png]][[/img]]Noxious Gas![[/col]]"	"True"
"special_ability_phases_onscreen_name_wh_dlc07_lord_abilities_favour_of_the_fay"	""	"True"
"special_ability_phases_onscreen_name_wh_dlc06_rune_abilities_master_rune_of_oath_and_steel"	""	"True"
"special_ability_phases_onscreen_name_wh2_dlc12_lord_abilities_focus_instincts"	""	"True"
"special_ability_phases_onscreen_name_wh2_main_item_abilities_rival_hide_talisman"	""	"True"
"special_ability_phases_onscreen_name_wh_dlc06_rune_passive_rune_of_hearth_and_home"	""	"True"
"special_ability_phases_onscreen_name_wh_dlc03_unit_passive_unbinding_cygor"	"[[img:unbinding_stage_one]][[/img]]Stable Binding (No damage)"	"True"
"special_ability_phases_onscreen_name_wh2_dlc09_spell_nehekhara_djafs_incantation_of_cursed_blades_upgraded"	""	"True"
"special_ability_phases_onscreen_name_wh2_dlc09_item_abilities_enkhils_kanopi"	""	"True"
"special_ability_phases_onscreen_name_wh2_dlc10_weapon_passive_the_cursed_blade"	""	"True"
"special_ability_phases_onscreen_name_wh2_dlc13_lord_passive_endurance_aura"	""	"True"
"special_ability_phases_onscreen_name_wh2_dlc12_unit_passive_endless_drum"	""	"True"
"special_ability_phases_onscreen_name_wh2_dlc14_lord_abilities_deathmasters_sigil"	""	"True"
"special_ability_phases_onscreen_name_wh_dlc06_unit_passive_squigs_go_wild"	""	"True"
"special_ability_phases_onscreen_name_wh_dlc05_spell_shadow_melkoths_mystifying_miasma_upgraded"	""	"True"
"special_ability_phases_onscreen_name_wh2_main_item_abilities_the_vortex_shard"	""	"True"
"special_ability_phases_onscreen_name_wh_dlc03_item_passive_icon_of_vilification"	""	"True"
"special_ability_phases_onscreen_name_wh_main_unit_contact_overhead_morale"	"[[col:red]][[img:ui/skins/default/modifier_icon_overhead_morale.png]][[/img]]Take cover![[/col]]"	"True"
"special_ability_phases_onscreen_name_wh2_main_item_passive_warp_shard_armour"	""	"True"
"special_ability_phases_onscreen_name_wh_dlc04_unit_passive_chilling_aura"	""	"True"
"special_ability_phases_onscreen_name_wh2_dlc11_spell_deep_krakens_pull"	"Kraken's Pull"	"True"
"special_ability_phases_onscreen_name_wh_main_weapon_abilities_the_mace_of_helsturm"	""	"True"
"special_ability_phases_onscreen_name_wh_dlc08_quest_ancient_protector"	""	"True"
"special_ability_phases_onscreen_name_wh2_dlc14_lord_abilities_the_daemons_curse_miscast"	"[[col:red]][[img:icon_hp]][[/img]]Causes damage to self[[/col]]"	"True"
"special_ability_phases_onscreen_name_wh_main_lord_passive_high_king"	""	"True"
"special_ability_phases_onscreen_name_wh2_dlc11_item_abilities_moonshine"	""	"True"
"special_ability_phases_onscreen_name_wh2_dlc12_unit_passive_demagoguery"	""	"True"
"special_ability_phases_onscreen_name_wh2_dlc13_lord_passive_fleet_footed"	""	"True"
"special_ability_phases_onscreen_name_wh_pro04_unit_abilities_enrage"	""	"True"
"special_ability_phases_onscreen_name_wh2_main_unit_passive_unbinding_skaven_slaves"	"[[img:unbinding_stage_one]][[/img]]Stable Binding (No damage)"	"True"
"special_ability_phases_onscreen_name_wh2_dlc10_quest_passive_the_rats_overwhelm"	""	"True"
"special_ability_phases_onscreen_name_wh_main_item_passive_seed_of_rebirth"	""	"True"
"special_ability_phases_onscreen_name_wh2_main_character_abilities_assassins_trophy"	""	"True"
"special_ability_phases_onscreen_name_wh2_dlc10_lord_abilities_mislead"	""	"True"
"special_ability_phases_onscreen_name_wh_main_weapon_passive_sword_of_unholy_power"	""	"True"
"special_ability_phases_onscreen_name_wh2_dlc13_armour_passive_obsinite_plate"	""	"True"
"special_ability_phases_onscreen_name_wh_dlc04_spell_bound_hammer_of_sigmar_upgraded"	""	"True"
"special_ability_phases_onscreen_name_wh_main_item_abilities_opal_amulet"	""	"True"
"special_ability_phases_onscreen_name_wh_main_spell_big_waaagh_ere_we_go"	""	"True"
"special_ability_phases_onscreen_name_wh_dlc05_hero_passive_blessing_of_the_ancients"	""	"True"
"special_ability_phases_onscreen_name_wh_pro04_unit_passive_apocalyptic_charge"	""	"True"
"special_ability_phases_onscreen_name_wh2_dlc13_character_abilities_patch_up"	""	"True"
"special_ability_phases_onscreen_name_wh2_dlc09_spell_nehekhara_usirians_incantation_of_vengeance"	""	"True"
"special_ability_phases_onscreen_name_wh_dlc03_weapon_abilities_scourge"	""	"True"
"special_ability_phases_onscreen_name_wh_dlc05_lord_abilities_spirit_essence_of_chaos"	""	"True"
"special_ability_phases_onscreen_name_wh_main_spell_heavens_curse_of_the_midnight_wind"	""	"True"
"special_ability_phases_onscreen_name_wh_dlc06_unit_contact_blinded"	"[[col:red]][[img:ui/skins/default/modifier_icon_blinded.png]][[/img]]Blinded![[/col]]"	"True"
"special_ability_phases_onscreen_name_wh2_dlc15_item_abilities_azhags_ard_armour"	""	"True"
"special_ability_phases_onscreen_name_wh2_dlc09_unit_passive_covenant_of_power"	""	"True"
"special_ability_phases_onscreen_name_wh2_main_faction_abilities_murderous_prowess_indicator"	""	"True"
"special_ability_phases_onscreen_name_wh_dlc08_quest_passive_lightening_down"	""	"True"
"special_ability_phases_onscreen_name_wh2_main_unit_passive_primal_instincts"	""	"True"
"special_ability_phases_onscreen_name_wh2_dlc11_unit_passive_abandon_ship"	""	"True"
"special_ability_phases_onscreen_name_wh_main_spell_light_phas_protection_upgraded"	""	"True"
"special_ability_phases_onscreen_name_wh2_dlc10_quest_passive_primal_rage_i"	"[[img:stage_one]][[/img]]Stage One"	"True"
"special_ability_phases_onscreen_name_wh2_dlc11_lore_passive_kiss_of_the_deep"	"Kiss of the Deep"	"True"
"special_ability_phases_onscreen_name_wh2_main_faction_abilities_murderous_mastery"	""	"True"
"special_ability_phases_onscreen_name_wh2_main_spell_plague_wither_upgraded"	""	"True"
"special_ability_phases_onscreen_name_wh2_dlc15_unit_contact_nightgoblin_poison"	"[[col:red]][[img:ui/skins/default/modifier_icon_witch_elf_poison.png]][[/img]]Skarsnik's Death Juice!\n[[img:icon_hp]][[/img]]Damage over time[[/col]]"	"True"
"special_ability_phases_onscreen_name_wh2_main_item_passive_darkstar_cloak"	""	"True"
"special_ability_phases_onscreen_name_wh2_dlc10_item_abilities_stave_of_avelorn"	""	"True"
"special_ability_phases_onscreen_name_wh_main_unit_abilities_blooood"	""	"True"
"special_ability_phases_onscreen_name_wh2_main_weapon_passive_chillblade"	""	"True"
"special_ability_phases_onscreen_name_wh2_main_item_abilities_dragonhorn"	""	"True"
"special_ability_phases_onscreen_name_wh2_dlc15_army_abilities_unleash_the_winds"	""	"True"
"special_ability_phases_onscreen_name_wh_main_spell_death_the_fate_of_bjuna"	""	"True"
"special_ability_phases_onscreen_name_wh2_dlc14_spell_ruin_flensing_ruin_upgraded"	""	"True"
"special_ability_phases_onscreen_name_wh_dlc05_item_passive_cloak_of_isha"	""	"True"
"special_ability_phases_onscreen_name_wh_dlc03_item_passive_shard_of_the_herdstone"	""	"True"
"special_ability_phases_onscreen_name_wh_dlc03_hero_passive_unholy_power"	""	"True"
"special_ability_phases_onscreen_name_wh2_dlc10_unit_passive_unbreakable_hidden"	""	"True"
"special_ability_phases_onscreen_name_wh_main_spell_vampires_curse_of_years"	""	"True"
"special_ability_phases_onscreen_name_wh_dlc08_unit_abilities_favour_of_the_ruinous_powers"	""	"True"
"special_ability_phases_onscreen_name_wh2_dlc10_item_passive_amulet_of_dark_fire"	""	"True"
"special_ability_phases_onscreen_name_wh2_main_spell_bound_ring_of_corin"	""	"True"
"special_ability_phases_onscreen_name_wh2_dlc11_unit_passive_the_ravenous_dead"	""	"True"
"special_ability_phases_onscreen_name_wh_dlc03_hero_passive_strength_of_the_land_ii"	""	"True"
"special_ability_phases_onscreen_name_wh2_main_army_abilities_holy_stela"	""	"True"
"special_ability_phases_onscreen_name_wh2_dlc15_character_abilities_wardens_cage"	""	"True"
"special_ability_phases_onscreen_name_wh2_main_weapon_passive_heartrender_and_the_darksword"	""	"True"
"special_ability_phases_onscreen_name_wh_main_item_passive_the_great_book_of_grudges"	""	"True"
"special_ability_phases_onscreen_name_wh_dlc05_spell_shadow_okkams_mindrazor_upgraded"	""	"True"
"special_ability_phases_onscreen_name_wh_main_unit_abilities_black_scythes"	""	"True"
"special_ability_phases_onscreen_name_wh2_main_unit_passive_rebirth_miscast"	""	"True"
"special_ability_phases_onscreen_name_wh2_dlc11_lord_abilities_claws_of_mourkain"	""	"True"
"special_ability_phases_onscreen_name_wh2_main_item_passive_enchanted_spyglass"	""	"True"
"special_ability_phases_onscreen_name_wh2_main_spell_dark_magic_word_of_pain"	""	"True"
"special_ability_phases_onscreen_name_wh2_main_faction_abilities_murderous_prowess"	""	"True"
"special_ability_phases_onscreen_name_wh_main_spell_death_aspect_of_the_dreadknight"	""	"True"
"special_ability_phases_onscreen_name_wh2_dlc15_unit_passive_journeys_end"	""	"True"
"special_ability_phases_onscreen_name_wh_main_spell_bound_shield_of_faith"	""	"True"
"special_ability_phases_onscreen_name_wh2_dlc09_character_abilities_stay_here_ill_get_help"	""	"True"
"special_ability_phases_onscreen_name_wh_dlc05_spell_life_flesh_to_stone"	""	"True"
"special_ability_phases_onscreen_name_wh2_main_unit_contact_healing_light"	"[[col:green]][[img:ui/skins/default/modifier_icon_overhead_morale.png]][[/img]]Healing[[/col]]"	"True"
"special_ability_phases_onscreen_name_wh2_main_unit_passive_another_takes_its_place"	"Another Takes Its Place"	"True"
"special_ability_phases_onscreen_name_wh2_dlc11_lord_abilities_spearfishers_net"	""	"True"
"special_ability_phases_onscreen_name_wh_dlc06_unit_passive_liquid_fortification"	""	"True"
"special_ability_phases_onscreen_name_wh2_main_unit_passive_rebirth_buffer"	""	"True"
"special_ability_phases_onscreen_name_wh2_pro08_character_passive_heroic_fortitude"	""	"True"
"special_ability_phases_onscreen_name_wh2_dlc09_lord_passive_the_curse"	""	"True"
"special_ability_phases_onscreen_name_wh2_dlc12_lord_abilities_warriors_crest"	""	"True"
"special_ability_phases_onscreen_name_wh_dlc04_quest_abilities_servant_of_nagash"	""	"True"
"special_ability_phases_onscreen_name_wh2_dlc09_character_abilities_curse_of_khsar"	""	"True"
"special_ability_phases_onscreen_name_wh2_dlc11_unit_passive_extra_powder"	""	"True"
"special_ability_phases_onscreen_name_wh2_dlc15_item_abilities_helm_of_yvresse"	""	"True"
"special_ability_phases_onscreen_name_wh2_main_item_passive_sacred_incense"	""	"True"
"special_ability_phases_onscreen_name_wh2_dlc14_lord_abilities_the_blood_price"	""	"True"
"special_ability_phases_onscreen_name_wh_main_item_abilities_channelling_staff"	""	"True"
"special_ability_phases_onscreen_name_wh2_dlc10_quest_passive_primal_rampage_ii_hidden"	"[[img:stage_two]][[/img]]Stage Two"	"True"
"special_ability_phases_onscreen_name_wh2_dlc12_unit_passive_the_best_defence"	""	"True"
"special_ability_phases_onscreen_name_wh_main_hero_passive_forgefire"	""	"True"
"special_ability_phases_onscreen_name_wh_main_lord_passive_the_blessing_of_the_lady"	""	"True"
"special_ability_phases_onscreen_name_wh2_dlc09_character_passive_unyielding_will"	""	"True"
"special_ability_phases_onscreen_name_wh2_main_unit_passive_unbinding_great_eagle"	"[[img:unbinding_stage_one]][[/img]]Stable Binding (No damage)"	"True"
"special_ability_phases_onscreen_name_wh2_main_spell_ruin_skitterleap"	""	"True"
"special_ability_phases_onscreen_name_wh2_main_unit_contact_kill_self"	""	"True"
"special_ability_phases_onscreen_name_wh_dlc06_item_passive_squiggly_beast"	""	"True"
"special_ability_phases_onscreen_name_wh_dlc05_spell_life_flesh_to_stone_upgraded"	""	"True"
"special_ability_phases_onscreen_name_wh_dlc05_spell_life_regrowth"	""	"True"
"special_ability_phases_onscreen_name_wh2_dlc09_character_abilities_strike_of_nehekhara"	""	"True"
"special_ability_phases_onscreen_name_wh2_main_spell_ruin_howling_warpgale"	""	"True"
"special_ability_phases_onscreen_name_wh2_dlc15_lord_abilities_lord_of_dragons"	""	"True"
"special_ability_phases_onscreen_name_wh2_main_item_passive_curse_charm_of_tepok"	""	"True"
"special_ability_phases_onscreen_name_wh_dlc06_rune_abilities_master_rune_of_negation"	""	"True"
"special_ability_phases_onscreen_name_wh2_dlc11_character_abilities_avast_ye"	""	"True"
"special_ability_phases_onscreen_name_wh2_dlc09_weapon_passive_the_liche_staff"	"The Liche Staff"	"True"
"special_ability_phases_onscreen_name_wh2_main_item_passive_ruby_guardian_phoenix"	""	"True"
"special_ability_phases_onscreen_name_wh2_dlc11_spell_deep_fog_of_the_damned"	""	"True"
"special_ability_phases_onscreen_name_wh_main_weapon_abilities_hellfire_sword"	""	"True"
"special_ability_phases_onscreen_name_wh_main_unit_passive_unbinding_critical_eagle"	"[[img:unbinding_stage_three]][[/img]]Critical Unbinding (Extreme damage)"	"True"
"special_ability_phases_onscreen_name_wh_dlc05_quest_passive_corruptor_of_the_shadowgave"	""	"True"
"special_ability_phases_onscreen_name_wh2_main_banner_passive_storm_banner"	""	"True"
"special_ability_phases_onscreen_name_wh_dlc07_unit_formation_diamond"	""	"True"
"special_ability_phases_onscreen_name_wh2_dlc15_unit_passive_ignore_pain"	""	"True"
"special_ability_phases_onscreen_name_wh2_main_spell_bound_whip_of_agony"	""	"True"
"special_ability_phases_onscreen_name_wh_main_rune_passive_master_rune_of_groth_one_eye"	""	"True"
"special_ability_phases_onscreen_name_wh_dlc03_banner_passive_manbane_standard"	""	"True"
"special_ability_phases_onscreen_name_wh_dlc07_unit_formation_lance_buffer"	""	"True"
"special_ability_phases_onscreen_name_wh2_dlc11_lord_abilities_dreaded_duelist"	""	"True"
"special_ability_phases_onscreen_name_wh2_dlc14_lord_passive_fleur_de_lys_banner"	""	"True"
"special_ability_phases_onscreen_name_wh_dlc04_unit_passive_unbinding_wight_king"	"[[img:unbinding_stage_one]][[/img]]Stable Binding (No damage)"	"True"
"special_ability_phases_onscreen_name_wh_dlc06_quest_abilities_grand_faiths_bastion"	""	"True"
"special_ability_phases_onscreen_name_wh_dlc03_unit_passive_drunken"	""	"True"
"special_ability_phases_onscreen_name_wh2_main_spell_high_magic_tempest"	"[[col:red]][[img:icon_speed]][[/img]]Caught in the Tempest[[/col]]"	"True"
"special_ability_phases_onscreen_name_wh_main_item_abilities_cloak_of_mists_and_shadows"	""	"True"
"special_ability_phases_onscreen_name_wh2_dlc11_character_abilities_ballistic_enchantment"	""	"True"
"special_ability_phases_onscreen_name_wh2_main_lord_abilities_sacred_spawning_of_xhotl"	""	"True"
"special_ability_phases_onscreen_name_wh2_dlc09_item_passive_lucky_skullhelm"	"Lucky Skullhelm"	"True"
"special_ability_phases_onscreen_name_wh_main_item_passive_the_other_tricksters_shard"	""	"True"
"special_ability_phases_onscreen_name_wh2_main_spell_ruin_death_frenzy"	""	"True"
"special_ability_phases_onscreen_name_wh2_dlc14_lord_abilities_looming_dread"	""	"True"
"special_ability_phases_onscreen_name_wh2_dlc14_unit_passive_barbed_net"	"Barbed Net"	"True"
"special_ability_phases_onscreen_name_wh2_main_character_abilities_cold_blooded"	""	"True"
"special_ability_phases_onscreen_name_wh2_dlc15_unit_passive_rubble_and_ruin_tier_3"	""	"True"
"special_ability_phases_onscreen_name_wh2_main_item_abilities_book_of_hoeth"	""	"True"
"special_ability_phases_onscreen_name_wh_main_item_abilities_pendant_of_slaanesh"	""	"True"
"special_ability_phases_onscreen_name_wh_main_item_abilities_tricksters_shard"	""	"True"
"special_ability_phases_onscreen_name_wh_dlc08_hero_passive_vicious_assault_i"	""	"True"
"special_ability_phases_onscreen_name_wh_main_spell_fire_flaming_sword_of_rhuin_upgraded"	""	"True"
"special_ability_phases_onscreen_name_wh2_dlc14_unit_passive_aura_of_agony"	""	"True"
"special_ability_phases_onscreen_name_wh_dlc01_item_passive_helm_of_many_eyes"	""	"True"
"special_ability_phases_onscreen_name_wh_main_character_passive_benediction"	""	"True"
"special_ability_phases_onscreen_name_wh2_dlc14_weapon_abilities_warpsword_of_khaine"	""	"True"
"special_ability_phases_onscreen_name_wh_dlc03_spell_wild_devolve_upgraded"	""	"True"
"special_ability_phases_onscreen_name_wh_dlc08_unit_abilities_rage_i"	"[[img:stage_one]][[/img]]Stage One"	"True"
"special_ability_phases_onscreen_name_wh_dlc04_unit_passive_the_reliquary_binding"	""	"True"
"special_ability_phases_onscreen_name_wh_main_spell_metal_glittering_robe"	""	"True"
"special_ability_phases_onscreen_name_wh2_main_spell_bound_the_seerstaff_of_saphery"	""	"True"
"special_ability_phases_onscreen_name_wh_dlc03_item_abilities_horn_of_the_first_beast"	""	"True"
"special_ability_phases_onscreen_name_wh_dlc03_unit_passive_unbinding_chaos_spawn"	"[[img:unbinding_stage_one]][[/img]]Stable Binding (No damage)"	"True"
"special_ability_phases_onscreen_name_wh2_dlc15_weapon_abilities_axe_of_grom"	""	"True"
"special_ability_phases_onscreen_name_wh2_main_spell_high_magic_tempest_upgraded"	"[[col:red]][[img:icon_speed]][[/img]]Caught in the Tempest[[/col]]"	"True"
"special_ability_phases_onscreen_name_wh2_dlc14_lord_abilities_beastslaver"	""	"True"
"special_ability_phases_onscreen_name_wh2_dlc09_item_abilities_staff_of_nagash"	""	"True"
"special_ability_phases_onscreen_name_wh2_dlc10_item_passive_gate_keepers_belt"	""	"True"
"special_ability_phases_onscreen_name_wh_dlc01_weapon_abilities_the_slayer_of_kings"	""	"True"
"special_ability_phases_onscreen_name_wh2_dlc10_item_passive_old_guards_tankard"	""	"True"
"special_ability_phases_onscreen_name_wh2_main_unit_abilities_hidden_blade"	""	"True"
"special_ability_phases_onscreen_name_wh_main_spell_vampires_vanhels_danse_macabre"	""	"True"
"special_ability_phases_onscreen_name_wh2_main_item_passive_the_book_of_the_phoenix"	""	"True"
"special_ability_phases_onscreen_name_wh2_dlc15_lord_abilities_wardens_stand"	""	"True"
"special_ability_phases_onscreen_name_wh2_dlc15_lord_abilities_dont_even_try_it"	""	"True"
"special_ability_phases_onscreen_name_wh_pro04_unit_passive_wildfire_aura"	""	"True"
"special_ability_phases_onscreen_name_wh2_main_unit_passive_unbinding_plague_monks"	"[[img:unbinding_stage_one]][[/img]]Stable Binding (No damage)"	"True"
"special_ability_phases_onscreen_name_wh2_dlc11_lord_abilities_dark_protection"	""	"True"
"special_ability_phases_onscreen_name_wh2_dlc10_weapon_passive_ironwardens_hammer"	""	"True"
"special_ability_phases_onscreen_name_wh_dlc03_weapon_passive_the_middenland_runefang"	""	"True"
"special_ability_phases_onscreen_name_wh_main_spell_bound_hammer_of_sigmar"	""	"True"
"special_ability_phases_onscreen_name_wh2_dlc10_lord_abilities_gaze_of_khaine"	""	"True"
"special_ability_phases_onscreen_name_wh2_dlc15_unit_passive_mimic_forest_walker"	""	"True"
"special_ability_phases_onscreen_name_wh_dlc06_unit_passive_opportunist_murderer"	""	"True"
"special_ability_phases_onscreen_name_wh2_dlc11_lord_abilities_heart_piercing"	""	"True"
"special_ability_phases_onscreen_name_wh_dlc03_hero_passive_something_wicked_this_way_comes"	""	"True"
"special_ability_phases_onscreen_name_wh2_dlc15_army_abilities_wurrzags_big_waaagh"	""	"True"
"special_ability_phases_onscreen_name_wh2_dlc09_item_abilities_amulet_of_phastah"	""	"True"
"special_ability_phases_onscreen_name_wh2_main_unit_abilities_revivification_crystal"	""	"True"
"special_ability_phases_onscreen_name_wh2_main_item_abilities_starwood_staff"	""	"True"
"special_ability_phases_onscreen_name_wh2_dlc09_character_passive_tretchs_raiders"	""	"True"
"special_ability_phases_onscreen_name_wh_dlc05_quest_passive_corruptor_of_the_shadowgave_1"	""	"True"
"special_ability_phases_onscreen_name_wh_main_rune_abilities_rune_of_stoicism"	""	"True"
"special_ability_phases_onscreen_name_wh_main_character_abilities_stand_or_die"	""	"True"
"special_ability_phases_onscreen_name_wh_main_spell_fire_cascading_fire_cloak"	""	"True"
"special_ability_phases_onscreen_name_wh_dlc03_hero_passive_strength_of_the_land_iv"	""	"True"
"special_ability_phases_onscreen_name_wh2_dlc14_unit_contact_poisoned_wind_alt"	"[[col:red]][[img:ui/skins/default/modifier_poisoned_wind.png]][[/img]]Pestilent Wind!\n[[img:icon_hp]][[/img]]Damage over time[[/col]]"	"True"
"special_ability_phases_onscreen_name_wh2_main_spell_plague_wither"	""	"True"
"special_ability_phases_onscreen_name_wh_main_weapon_abilities_the_hammer_of_karak_drazh"	""	"True"
"special_ability_phases_onscreen_name_wh_main_item_abilities_black_periapt"	""	"True"
"special_ability_phases_onscreen_name_wh2_dlc13_final_battle_abilities_shield_of_the_old_ones"	""	"True"
"special_ability_phases_onscreen_name_wh2_main_unit_passive_martial_prowess"	""	"True"
"special_ability_phases_onscreen_name_wh2_dlc13_weapon_abilities_drakwald_runefang"	""	"True"
"special_ability_phases_onscreen_name_wh2_dlc10_quest_abilities_insane_head"	""	"True"
"special_ability_phases_onscreen_name_wh2_dlc10_quest_passive_primal_rage_ii"	"[[img:stage_two]][[/img]]Stage Two"	"True"
"special_ability_phases_onscreen_name_wh2_main_lord_passive_kindle_the_fury"	""	"True"
"special_ability_phases_onscreen_name_wh2_main_lord_abilities_potion_of_charoi"	""	"True"
"special_ability_phases_onscreen_name_wh2_dlc14_character_abilities_henri_le_massif_exploit_weakness"	""	"True"
"special_ability_phases_onscreen_name_wh_dlc03_spell_wild_mantle_of_ghorok"	""	"True"
"special_ability_phases_onscreen_name_wh_dlc05_weapon_abilities_el_syf"	""	"True"
"special_ability_phases_onscreen_name_wh_dlc05_spell_life_awakening_of_the_wood"	""	"True"
"special_ability_phases_onscreen_name_wh2_main_item_passive_circlet_of_iron"	""	"True"
"special_ability_phases_onscreen_name_wh_dlc03_spell_wild_traitor_kin"	""	"True"
"special_ability_phases_onscreen_name_wh_dlc08_hero_passive_twisted_flesh_iii"	""	"True"
